[{"assetType":"PolicyAction","assetObject":{"name":"Policy Action [Enable HTTP / HTTPS] -> Policy For API fifundtransfer[1.0]","id":"1ec8f62d-5971-47e6-92c0-eabe7df9e57d","status":"Success","explanation":"OK","warning":false}},{"assetType":"API","assetObject":{"name":"fifundtransfer[1.0]","id":"32bf0633-f94b-4d78-90e4-74e8107c5518","status":"Success","explanation":"OK","warning":false}},{"assetType":"Policy","assetObject":{"name":"Policy For API fifundtransfer[1.0]","id":"f66d6ae3-9df1-4049-a4e5-ae6bc64ccc01","status":"Success","explanation":"OK","warning":false}},{"assetType":"PolicyAction","assetObject":{"name":"Policy Action [Straight Through Routing] -> Policy For API fifundtransfer[1.0]","id":"b86f1250-10a3-41c1-a9df-58b88eba137f","status":"Success","explanation":"OK","warning":false}},{"assetType":"RegisteredApplication","assetObject":{"name":"RegisteredApplication [ EmptyRegisteredApplication ]","id":"EmptyRegisteredApplication","status":"Success","explanation":"OK","warning":false}}]