[{"assetType":"PolicyAction","assetObject":{"name":"Policy Action [Identify & Authorize] -> Policy For API finacle[1.0]","id":"77470fa5-4c99-4884-aecb-8ebba9736c71","status":"Success","explanation":"OK","warning":false}},{"assetType":"PolicyAction","assetObject":{"name":"Policy Action [Invoke webMethods IS] -> Policy For API finacle[1.0]","id":"e5ac89ee-62a1-45cd-a9a3-1cb63977f21a","status":"Success","explanation":"OK","warning":false}},{"assetType":"PolicyAction","assetObject":{"name":"Policy Action [Log Invocation] -> Policy For API finacle[1.0]","id":"00079507-9e67-455d-9329-c03dafd68c53","status":"Success","explanation":"OK","warning":false}},{"assetType":"PolicyAction","assetObject":{"name":"Policy Action [Enable HTTP / HTTPS] -> Policy For API finacle[1.0]","id":"0c183fd2-4b04-4657-a1a5-e8ad2dde0cfa","status":"Success","explanation":"OK","warning":false}},{"assetType":"Policy","assetObject":{"name":"Policy For API finacle[1.0]","id":"71f1dbc4-1b2d-4750-8f29-97689f5fa126","status":"Success","explanation":"OK","warning":false}},{"assetType":"PolicyAction","assetObject":{"name":"Policy Action [Response Transformation] -> Policy For API finacle[1.0]","id":"39207caf-c545-453c-a5f5-ca80ccadb3e2","status":"Success","explanation":"OK","warning":false}},{"assetType":"RegisteredApplication","assetObject":{"name":"RegisteredApplication [ EmptyRegisteredApplication ]","id":"EmptyRegisteredApplication","status":"Success","explanation":"OK","warning":false}},{"assetType":"PolicyAction","assetObject":{"name":"Policy Action [Request Transformation] -> Policy For API finacle[1.0]","id":"eb10a104-9672-43b3-a691-b09d20e40420","status":"Success","explanation":"OK","warning":false}},{"assetType":"PolicyAction","assetObject":{"name":"Policy Action [Validate API Specification] -> Policy For API finacle[1.0]","id":"0abcab80-beb1-49f1-b956-00c244452ad6","status":"Success","explanation":"OK","warning":false}},{"assetType":"PolicyAction","assetObject":{"name":"Policy Action [Straight Through Routing] -> Policy For API finacle[1.0]","id":"de0beee5-5f97-4d79-af1d-a938e44d7f63","status":"Success","explanation":"OK","warning":false}},{"assetType":"API","assetObject":{"name":"finacle[1.0]","id":"8c54bf13-bd86-4658-a4f5-c959b71f9fb8","status":"Success","explanation":"OK","warning":false}},{"assetType":"PolicyAction","assetObject":{"name":"Policy Action [Invoke webMethods IS] -> Policy For API finacle[1.0]","id":"54844906-1761-4fa0-a974-9d7e953d196a","status":"Success","explanation":"OK","warning":false}}]