[{"assetType":"API","assetObject":{"name":"sidbi[4.0]","id":"ce2eddfe-10b2-40eb-8729-b8ba96411f09","status":"Success","explanation":"OK","warning":false}},{"assetType":"PolicyAction","assetObject":{"name":"Policy Action [Response Transformation] -> Policy For API sidbi[4.0]","id":"7c9b4b99-36e4-4270-ad1f-3e23900554f6","status":"Success","explanation":"OK","warning":false}},{"assetType":"PolicyAction","assetObject":{"name":"Policy Action [Invoke webMethods IS] -> Policy For API sidbi[4.0]","id":"7f9312f6-6ae2-4426-82de-a52c00474941","status":"Success","explanation":"OK","warning":false}},{"assetType":"PolicyAction","assetObject":{"name":"Policy Action [Invoke webMethods IS] -> Policy For API sidbi[4.0]","id":"f855a59c-f9f3-4d7f-8b9e-ea0176c18fd6","status":"Success","explanation":"OK","warning":false}},{"assetType":"Application","assetObject":{"name":"eKycESB","id":"34b81525-0694-412e-b380-863d2bd93ba9","status":"Success","explanation":"OK","warning":false}},{"assetType":"PolicyAction","assetObject":{"name":"Policy Action [Log Invocation] -> Policy For API sidbi[4.0]","id":"3513788a-4416-4f64-99b5-dc112fc61f3e","status":"Success","explanation":"OK","warning":false}},{"assetType":"PolicyAction","assetObject":{"name":"Policy Action [Enable HTTP / HTTPS] -> Policy For API sidbi[4.0]","id":"705f8b20-1e95-4d93-8c35-0e0cc01c87a3","status":"Success","explanation":"OK","warning":false}},{"assetType":"PolicyAction","assetObject":{"name":"Policy Action [Identify & Authorize] -> Policy For API sidbi[4.0]","id":"1e66269c-ac9d-4085-8a13-e9b4eef3ff0a","status":"Success","explanation":"OK","warning":false}},{"assetType":"PolicyAction","assetObject":{"name":"Policy Action [CORS] -> Policy For API sidbi[4.0]","id":"1020b1fa-3800-471c-bf1c-217cec45c8a5","status":"Success","explanation":"OK","warning":false}},{"assetType":"PolicyAction","assetObject":{"name":"Policy Action [Invoke webMethods IS] -> Policy For API sidbi[4.0]","id":"2be07a50-9876-4fa7-b10e-0999827740c3","status":"Success","explanation":"OK","warning":false}},{"assetType":"PolicyAction","assetObject":{"name":"Policy Action [Invoke webMethods IS] -> Policy For API sidbi[4.0]","id":"14c9c34e-b763-4965-8442-d14c60475452","status":"Success","explanation":"OK","warning":false}},{"assetType":"Policy","assetObject":{"name":"Policy For API sidbi[4.0]","id":"b1dbd7d7-43db-4c6d-b95e-0f10331b65dd","status":"Success","explanation":"OK","warning":false}},{"assetType":"PassmanData","assetObject":{"name":"API_ACCESS_KEY34b81525-0694-412e-b380-863d2bd93ba9","id":"API_ACCESS_KEY34b81525-0694-412e-b380-863d2bd93ba9","status":"Success","explanation":"OK","warning":false}},{"assetType":"PolicyAction","assetObject":{"name":"Policy Action [Response Transformation] -> Policy For API sidbi[4.0]","id":"c3256b4e-0ba7-4d1e-8c3a-bc46354374b5","status":"Success","explanation":"OK","warning":false}},{"assetType":"RegisteredApplication","assetObject":{"name":"RegisteredApplication [ eKycESB ]","id":"34b81525-0694-412e-b380-863d2bd93ba9","status":"Success","explanation":"OK","warning":false}},{"assetType":"PolicyAction","assetObject":{"name":"Policy Action [Request Transformation] -> Policy For API sidbi[4.0]","id":"8c7d2140-0347-41e4-97b5-670c49a48557","status":"Success","explanation":"OK","warning":false}},{"assetType":"PolicyAction","assetObject":{"name":"Policy Action [Conditional Routing] -> Policy For API sidbi[4.0]","id":"1b6180ae-4101-4a90-8381-26a231a1e72a","status":"Success","explanation":"OK","warning":false}}]