[{"assetType":"PolicyAction","assetObject":{"name":"Policy Action [Invoke webMethods IS] -> Policy For API sidbi[2.0]","id":"db40ed76-dbb4-4027-902f-c2400c69e431","status":"Success","explanation":"OK","warning":false}},{"assetType":"PolicyAction","assetObject":{"name":"Policy Action [Response Transformation] -> Policy For API sidbi[2.0]","id":"a79cd943-1381-422a-aaac-10d7fd025c26","status":"Success","explanation":"OK","warning":false}},{"assetType":"PassmanData","assetObject":{"name":"API_ACCESS_KEY34b81525-0694-412e-b380-863d2bd93ba9","id":"API_ACCESS_KEY34b81525-0694-412e-b380-863d2bd93ba9","status":"Success","explanation":"OK","warning":false}},{"assetType":"PolicyAction","assetObject":{"name":"Policy Action [Invoke webMethods IS] -> Policy For API sidbi[2.0]","id":"b4948c06-2005-4b8e-88eb-19a35ea4de65","status":"Success","explanation":"OK","warning":false}},{"assetType":"Policy","assetObject":{"name":"Policy For API sidbi[2.0]","id":"6a183e41-f6a4-419d-9193-8814423faac4","status":"Success","explanation":"OK","warning":false}},{"assetType":"PolicyAction","assetObject":{"name":"Policy Action [Response Transformation] -> Policy For API sidbi[2.0]","id":"37cbe932-8ae9-40d7-9ddf-b4eaa3e4ecd4","status":"Success","explanation":"OK","warning":false}},{"assetType":"PolicyAction","assetObject":{"name":"Policy Action [Request Transformation] -> Policy For API sidbi[2.0]","id":"32618eb5-a23c-4873-9443-3a944cdca27f","status":"Success","explanation":"OK","warning":false}},{"assetType":"PolicyAction","assetObject":{"name":"Policy Action [Log Invocation] -> Policy For API sidbi[2.0]","id":"0364aac2-8f6a-47b1-a102-c9cd5a7defee","status":"Success","explanation":"OK","warning":false}},{"assetType":"PolicyAction","assetObject":{"name":"Policy Action [Invoke webMethods IS] -> Policy For API sidbi[2.0]","id":"e9cb7c3d-242d-467c-8eb1-e8b5bfb1efd8","status":"Success","explanation":"OK","warning":false}},{"assetType":"PolicyAction","assetObject":{"name":"Policy Action [Identify & Authorize] -> Policy For API sidbi[2.0]","id":"ed786c5f-3b1e-48fc-9c36-190ebab330c3","status":"Success","explanation":"OK","warning":false}},{"assetType":"Application","assetObject":{"name":"eKycESB","id":"34b81525-0694-412e-b380-863d2bd93ba9","status":"Success","explanation":"OK","warning":false}},{"assetType":"RegisteredApplication","assetObject":{"name":"RegisteredApplication [ eKycESB ]","id":"34b81525-0694-412e-b380-863d2bd93ba9","status":"Success","explanation":"OK","warning":false}},{"assetType":"API","assetObject":{"name":"sidbi[2.0]","id":"000a4d41-8e00-4fe4-8b57-23f028b8225a","status":"Success","explanation":"OK","warning":false}},{"assetType":"PolicyAction","assetObject":{"name":"Policy Action [Straight Through Routing] -> Policy For API sidbi[2.0]","id":"6e35e074-f8a0-45ba-847c-40fae802d0eb","status":"Success","explanation":"OK","warning":false}},{"assetType":"PolicyAction","assetObject":{"name":"Policy Action [Enable HTTP / HTTPS] -> Policy For API sidbi[2.0]","id":"c454ed42-99d3-43c3-b8b9-7dcb0602dfcd","status":"Success","explanation":"OK","warning":false}},{"assetType":"PolicyAction","assetObject":{"name":"Policy Action [CORS] -> Policy For API sidbi[2.0]","id":"55e79c5e-2e18-4d08-9acc-845b6e15aba2","status":"Success","explanation":"OK","warning":false}},{"assetType":"PolicyAction","assetObject":{"name":"Policy Action [Invoke webMethods IS] -> Policy For API sidbi[2.0]","id":"0f9cb995-59bb-46dc-857f-1ce9c9ec4cd3","status":"Success","explanation":"OK","warning":false}}]