{
  "result": {
    "acctId": "string",
    "acctType": {
      "schmCode": "string",
      "schmType": "string"
    },
    "acctCurr": "string",
    "bankInfo": {
      "bankId": "string",
      "name": "string",
      "branchId": "string",
      "branchName": "string",
      "postAddr": {
        "addr1": "string",
        "addr2": "string",
        "addr3": "string",
        "city": "string",
        "stateProv": "string",
        "postalCode": "string",
        "country": "string",
        "addrType": "string"
      }
    },
    "custId": "string",
    "personName": {
      "lastName": "string",
      "firstName": "string",
      "middleName": "string",
      "name": "string",
      "titlePrefix": "string"
    },
    "acctOpenDt": "date",
    "bankAcctStatusCode": "string",
    "acctBal": {
      "balType": "string",
      "balAmt": {
        "amountValue": "double",
        "currencyCode": "string"
      }
    },
  "error": {
      "code": "string",
      "type": "string",
      "message": "string"
    }
  }
}
