{
    "reqInfo": {
        "sourceSystem": "CMS",
        "timestamp": "2020-04-30T00:00:00.000",
        "action": "neft-bulk",
        "userIP": "127.0.0.0"
    },
    "input": [
        {
            "transactionRefNo": "34636363775",
            "appID": "INET",
            "amount": "100000",
            "valueDate": "20211002",
            "senderIFSCCode": "88880NEFT01",
            "senderAccType": "11",
            "senderAccNum": "0579102000007887",
            "senderName": "TRRUMP CARRD PRODUCTION",
            "senderMode": "EML",
            "sendSE": "neft@idbi.co.in",
            "oriRemit": "iNet Banking",
            "beneIFSC": "77770005318",
            "beneAccNum": "10254446417",
            "beneName": "TRRUMP CARRD PRODUCTION",
            "utrNum": "1001i27054610461",
            "debitTransactionID": "2705461046",
            "senderReceiver": "AMOL PANSHIKAR"
        }
    ]
}