<?xml version="1.0" encoding="UTF-8"?><Configuration monitorInterval="30">
<Properties>
    <Property name="appLogDir">./logs/customlogs</Property>
</Properties>
<Appenders>
	<RollingFile name="auditlog" fileName="${appLogDir}/auditlog.log" filePattern="${appLogDir}/$${date:yyyy-MM}/auditlog-%d{yyyy-MM-dd-HH}-%i.log.gz">
      <PatternLayout pattern ="%d{yyyy-MM-dd HH:mm:ss.SSS} [%-5p] %logger{50} - %msg%n" />
      <Policies>
        <TimeBasedTriggeringPolicy interval="1" modulate="true"/>
        <SizeBasedTriggeringPolicy size="1 GB"/>
      </Policies>
       <DefaultRolloverStrategy max="30">
        <Delete basePath="${appLogDir}" maxDepth="2">
          <IfFileName glob="*/auditlog-*.log.gz">
            <IfLastModified age="30d">
              <IfAny>
                <IfAccumulatedFileSize exceeds="1 GB" />
                <IfAccumulatedFileCount exceeds="1" />
              </IfAny>
            </IfLastModified>
          </IfFileName>
        </Delete>
      </DefaultRolloverStrategy>
    </RollingFile>
	
	<RollingFile name="errorlog" fileName="${appLogDir}/errorlog.log" filePattern="${appLogDir}/$${date:yyyy-MM}/errorlog-%d{yyyy-MM-dd-HH}-%i.log.gz">
      <PatternLayout pattern ="%d{yyyy-MM-dd HH:mm:ss.SSS} [%-5p] %logger{50} - %msg%n" />
      <Policies>
        <TimeBasedTriggeringPolicy interval="1" modulate="true"/>
        <SizeBasedTriggeringPolicy size="1 GB"/>
      </Policies>
       <DefaultRolloverStrategy max="30">
        <Delete basePath="${appLogDir}" maxDepth="2">
          <IfFileName glob="*/errorlog-*.log.gz">
            <IfLastModified age="30d">
              <IfAny>
                <IfAccumulatedFileSize exceeds="1 GB" />
                <IfAccumulatedFileCount exceeds="1" />
              </IfAny>
            </IfLastModified>
          </IfFileName>
        </Delete>
      </DefaultRolloverStrategy>
    </RollingFile>
		
		 <Null name="Null"/>
	</Appenders>
	<Loggers>
			
		<!--<AsyncLogger name="AuditLogger" level="Info" includeLocation="true" additivity="false">
		  <AppenderRef ref="auditlog"/>
		</AsyncLogger>
		
		<AsyncLogger name="ErrorLogger" level="Error" includeLocation="true" additivity="false">
		  <AppenderRef ref="errorlog"/>
		</AsyncLogger>
		
		<Root includeLocation="true">
		 <AppenderRef ref="auditlog" level="Info" />
		</Root>-->
		
			<Logger additivity="false" level="ALL" name="AuditLogger">
				<AppenderRef ref="auditlog"/>
		</Logger>
		<Logger additivity="false" level="Error" name="ErrorLogger">
			<AppenderRef ref="errorlog"/>
		</Logger>
		
	</Loggers>
</Configuration>
	