[{"assetType":"PolicyAction","assetObject":{"name":"Policy Action [Invoke webMethods IS] -> Policy For API merchantupi[1.0]","id":"1d37e267-84a0-4651-aee7-705436c015af","status":"Success","explanation":"OK","warning":false}},{"assetType":"PolicyAction","assetObject":{"name":"Policy Action [Enable HTTP / HTTPS] -> Policy For API merchantupi[1.0]","id":"e5056e96-76cd-4618-aad8-014adf06d1bd","status":"Success","explanation":"OK","warning":false}},{"assetType":"PolicyAction","assetObject":{"name":"Policy Action [Invoke webMethods IS] -> Policy For API merchantupi[1.0]","id":"6185dba0-9c4d-4d02-8c5d-7d8d6492fe32","status":"Success","explanation":"OK","warning":false}},{"assetType":"RegisteredApplication","assetObject":{"name":"RegisteredApplication [ EmptyRegisteredApplication ]","id":"EmptyRegisteredApplication","status":"Success","explanation":"OK","warning":false}},{"assetType":"Policy","assetObject":{"name":"Policy For API merchantupi[1.0]","id":"720fc23a-a485-49fd-8397-ae2f9c2a8a3b","status":"Success","explanation":"OK","warning":false}},{"assetType":"PolicyAction","assetObject":{"name":"Policy Action [Response Transformation] -> Policy For API merchantupi[1.0]","id":"937ec44f-c969-4b4f-84f6-68b182d436fb","status":"Success","explanation":"OK","warning":false}},{"assetType":"API","assetObject":{"name":"merchantupi[1.0]","id":"dc11f74d-f5c2-4895-b161-b7917730be3d","status":"Success","explanation":"OK","warning":false}},{"assetType":"PolicyAction","assetObject":{"name":"Policy Action [Identify & Authorize] -> Policy For API merchantupi[1.0]","id":"2033dc3a-82e8-4e9c-9d2e-d81464f51284","status":"Success","explanation":"OK","warning":false}},{"assetType":"PolicyAction","assetObject":{"name":"Policy Action [Straight Through Routing] -> Policy For API merchantupi[1.0]","id":"7e3e235f-b03f-48b5-98f9-365f797b20b1","status":"Success","explanation":"OK","warning":false}},{"assetType":"PolicyAction","assetObject":{"name":"Policy Action [Request Transformation] -> Policy For API merchantupi[1.0]","id":"1219b667-df86-4460-a071-70d80a1aec78","status":"Success","explanation":"OK","warning":false}}]