[{"assetType":"PolicyAction","assetObject":{"name":"Policy Action [Straight Through Routing] -> Policy For API TransactionOutbound[1.0]","id":"6b63c0eb-bc70-48ca-a592-c76783a96771","status":"Success","explanation":"OK","warning":false}},{"assetType":"RegisteredApplication","assetObject":{"name":"RegisteredApplication [ EmptyRegisteredApplication ]","id":"EmptyRegisteredApplication","status":"Success","explanation":"OK","warning":false}},{"assetType":"Policy","assetObject":{"name":"Policy For API TransactionOutbound[1.0]","id":"10195076-3bc1-4bd4-bb9d-ada28ad7569a","status":"Success","explanation":"OK","warning":false}},{"assetType":"API","assetObject":{"name":"TransactionOutbound[1.0]","id":"20d0a635-c784-45ed-957d-8a71efab2848","status":"Success","explanation":"OK","warning":false}},{"assetType":"PolicyAction","assetObject":{"name":"Policy Action [Enable HTTP / HTTPS] -> Policy For API TransactionOutbound[1.0]","id":"03471235-fa73-4f15-b4b0-90fd154d745c","status":"Success","explanation":"OK","warning":false}}]