[{"assetType":"PassmanData","assetObject":{"name":"API_ACCESS_KEY34b81525-0694-412e-b380-863d2bd93ba9","id":"API_ACCESS_KEY34b81525-0694-412e-b380-863d2bd93ba9","status":"Success","explanation":"OK","warning":false}},{"assetType":"PolicyAction","assetObject":{"name":"Policy Action [Straight Through Routing] -> Policy For API sidbi[1.0]","id":"c3953b9c-4369-40e5-8ec8-8e923c73ca08","status":"Success","explanation":"OK","warning":false}},{"assetType":"PolicyAction","assetObject":{"name":"Policy Action [Identify & Authorize] -> Policy For API sidbi[1.0]","id":"161606c8-e688-4d2a-97a1-9ce7a660c518","status":"Success","explanation":"OK","warning":false}},{"assetType":"PolicyAction","assetObject":{"name":"Policy Action [Request Transformation] -> Policy For API sidbi[1.0]","id":"ca498a23-61ae-49dc-b737-15c233105cc3","status":"Success","explanation":"OK","warning":false}},{"assetType":"Policy","assetObject":{"name":"Policy For API sidbi[1.0]","id":"98f0a0e9-edb5-4355-ae49-09ef32c9c171","status":"Success","explanation":"OK","warning":false}},{"assetType":"PolicyAction","assetObject":{"name":"Policy Action [Log Invocation] -> Policy For API sidbi[1.0]","id":"0e478b98-7d7a-4eb3-a787-b43b11a55c18","status":"Success","explanation":"OK","warning":false}},{"assetType":"PolicyAction","assetObject":{"name":"Policy Action [Enable HTTP / HTTPS] -> Policy For API sidbi[1.0]","id":"c4b6e8de-6cea-4e61-ac43-a205ca1476d6","status":"Success","explanation":"OK","warning":false}},{"assetType":"API","assetObject":{"name":"sidbi[1.0]","id":"7f1f659d-7c68-4527-95b5-24bd3a870ef5","status":"Success","explanation":"OK","warning":false}},{"assetType":"PolicyAction","assetObject":{"name":"Policy Action [CORS] -> Policy For API sidbi[1.0]","id":"ed3ef022-89df-4527-9bbc-17632acfcff7","status":"Success","explanation":"OK","warning":false}},{"assetType":"PolicyAction","assetObject":{"name":"Policy Action [Invoke webMethods IS] -> Policy For API sidbi[1.0]","id":"f213d707-4cff-4bbc-89ee-ed4768231227","status":"Success","explanation":"OK","warning":false}},{"assetType":"PolicyAction","assetObject":{"name":"Policy Action [Invoke webMethods IS] -> Policy For API sidbi[1.0]","id":"4c630c85-ff9b-465e-bdab-d29a3b2ab4f5","status":"Success","explanation":"OK","warning":false}},{"assetType":"Application","assetObject":{"name":"eKycESB","id":"34b81525-0694-412e-b380-863d2bd93ba9","status":"Success","explanation":"OK","warning":false}},{"assetType":"PolicyAction","assetObject":{"name":"Policy Action [Response Transformation] -> Policy For API sidbi[1.0]","id":"d92b1a8c-20f5-41d8-a923-c99855e08ed5","status":"Success","explanation":"OK","warning":false}},{"assetType":"RegisteredApplication","assetObject":{"name":"RegisteredApplication [ eKycESB ]","id":"34b81525-0694-412e-b380-863d2bd93ba9","status":"Success","explanation":"OK","warning":false}}]