[{"assetType":"Application","assetObject":{"name":"eKycESB","id":"34b81525-0694-412e-b380-863d2bd93ba9","status":"Success","explanation":"OK","warning":false}},{"assetType":"Policy","assetObject":{"name":"Policy For API sidbi[3.0]","id":"9c7fcf97-39b5-4773-b5bb-02e4e438a11c","status":"Success","explanation":"OK","warning":false}},{"assetType":"PolicyAction","assetObject":{"name":"Policy Action [Identify & Authorize] -> Policy For API sidbi[3.0]","id":"d7bc2025-52ce-4851-8ff0-dc02f9903c4e","status":"Success","explanation":"OK","warning":false}},{"assetType":"API","assetObject":{"name":"sidbi[3.0]","id":"c645cf4d-8c9e-4440-96cd-3b7ae2c99324","status":"Success","explanation":"OK","warning":false}},{"assetType":"PolicyAction","assetObject":{"name":"Policy Action [CORS] -> Policy For API sidbi[3.0]","id":"7f080f5e-93b4-4c9f-aa10-594587b01fa3","status":"Success","explanation":"OK","warning":false}},{"assetType":"PolicyAction","assetObject":{"name":"Policy Action [Request Transformation] -> Policy For API sidbi[3.0]","id":"ac0807c2-1fa1-456c-b44c-ab8f04af4bbe","status":"Success","explanation":"OK","warning":false}},{"assetType":"PolicyAction","assetObject":{"name":"Policy Action [Enable HTTP / HTTPS] -> Policy For API sidbi[3.0]","id":"0d3e10a7-d05d-44ca-8fa3-bc86cacb9ca3","status":"Success","explanation":"OK","warning":false}},{"assetType":"PolicyAction","assetObject":{"name":"Policy Action [Conditional Routing] -> Policy For API sidbi[3.0]","id":"c9b1496d-25ad-460c-871f-0f0de4f3c1d5","status":"Success","explanation":"OK","warning":false}},{"assetType":"PolicyAction","assetObject":{"name":"Policy Action [Invoke webMethods IS] -> Policy For API sidbi[3.0]","id":"3c651f0b-817b-4c01-aaf2-88d2a6a4a643","status":"Success","explanation":"OK","warning":false}},{"assetType":"RegisteredApplication","assetObject":{"name":"RegisteredApplication [ eKycESB ]","id":"34b81525-0694-412e-b380-863d2bd93ba9","status":"Success","explanation":"OK","warning":false}},{"assetType":"PolicyAction","assetObject":{"name":"Policy Action [Log Invocation] -> Policy For API sidbi[3.0]","id":"b9e8845d-bb6d-4b89-bb2b-5aff1ebc90df","status":"Success","explanation":"OK","warning":false}},{"assetType":"PolicyAction","assetObject":{"name":"Policy Action [Response Transformation] -> Policy For API sidbi[3.0]","id":"1b12f1d4-6991-4170-9a34-10dd1f0bb7b2","status":"Success","explanation":"OK","warning":false}},{"assetType":"PolicyAction","assetObject":{"name":"Policy Action [Invoke webMethods IS] -> Policy For API sidbi[3.0]","id":"4a47c302-decd-4a3e-9747-85ce134309ad","status":"Success","explanation":"OK","warning":false}},{"assetType":"PassmanData","assetObject":{"name":"API_ACCESS_KEY34b81525-0694-412e-b380-863d2bd93ba9","id":"API_ACCESS_KEY34b81525-0694-412e-b380-863d2bd93ba9","status":"Success","explanation":"OK","warning":false}}]