<?xml version="1.0" encoding="UTF-8"?>

<FLOW VERSION="3.0" CLEANUP="true">
  <COMMENT>--Mapping to Pipeline variables--</COMMENT>

  <!-- nodes -->

<MAP TIMEOUT="" MODE="STANDALONE">
  <COMMENT>--Mapping to Pipeline variables--</COMMENT>
  <MAPTARGET>

<Values version="2.0">
  <record name="xml" javaclass="com.wm.util.Values">
    <value name="node_type">record</value>
    <value name="node_subtype">unknown</value>
    <value name="is_public">false</value>
    <value name="field_type">record</value>
    <value name="field_dim">0</value>
    <value name="nillable">true</value>
    <value name="form_qualified">false</value>
    <value name="is_global">false</value>
    <array name="rec_fields" type="record" depth="1">
      <record javaclass="com.wm.util.Values">
        <value name="node_type">record</value>
        <value name="node_subtype">unknown</value>
        <value name="node_comment"></value>
        <record name="node_hints" javaclass="com.wm.util.Values">
          <value name="field_largerEditor">false</value>
          <value name="field_password">false</value>
        </record>
        <value name="is_public">false</value>
        <value name="field_name">FIXML</value>
        <value name="field_type">record</value>
        <value name="field_dim">0</value>
        <value name="wrapper_type">IData</value>
        <value name="nillable">true</value>
        <value name="form_qualified">false</value>
        <value name="is_global">false</value>
        <array name="rec_fields" type="record" depth="1">
        </array>
        <value name="modifiable">true</value>
      </record>
      <record javaclass="com.wm.util.Values">
        <value name="node_type">record</value>
        <value name="node_subtype">unknown</value>
        <value name="is_public">false</value>
        <value name="field_name">Error</value>
        <value name="field_type">record</value>
        <value name="field_dim">0</value>
        <value name="nillable">true</value>
        <value name="form_qualified">false</value>
        <value name="is_global">false</value>
        <array name="rec_fields" type="record" depth="1">
        </array>
        <value name="modifiable">true</value>
      </record>
    </array>
    <value name="modifiable">true</value>
  </record>
</Values>
</MAPTARGET>
  <MAPSOURCE>

<Values version="2.0">
  <record name="xml" javaclass="com.wm.util.Values">
    <value name="node_type">record</value>
    <value name="node_subtype">unknown</value>
    <value name="is_public">false</value>
    <value name="field_type">record</value>
    <value name="field_dim">0</value>
    <value name="nillable">true</value>
    <value name="form_qualified">false</value>
    <value name="is_global">false</value>
    <array name="rec_fields" type="record" depth="1">
      <record javaclass="com.wm.util.Values">
        <value name="node_type">record</value>
        <value name="node_subtype">unknown</value>
        <value name="node_comment"></value>
        <record name="node_hints" javaclass="com.wm.util.Values">
          <value name="field_largerEditor">false</value>
          <value name="field_password">false</value>
        </record>
        <value name="is_public">false</value>
        <value name="field_name">FIXML</value>
        <value name="field_type">record</value>
        <value name="field_dim">0</value>
        <value name="wrapper_type">IData</value>
        <value name="nillable">true</value>
        <value name="form_qualified">false</value>
        <value name="is_global">false</value>
        <array name="rec_fields" type="record" depth="1">
          <record javaclass="com.wm.util.Values">
            <value name="node_type">record</value>
            <value name="node_subtype">unknown</value>
            <value name="node_comment"></value>
            <record name="node_hints" javaclass="com.wm.util.Values">
              <value name="field_largerEditor">false</value>
              <value name="field_password">false</value>
            </record>
            <value name="is_public">false</value>
            <value name="field_name">Header</value>
            <value name="field_type">record</value>
            <value name="field_dim">0</value>
            <value name="wrapper_type">IData</value>
            <value name="nillable">true</value>
            <value name="form_qualified">false</value>
            <value name="is_global">false</value>
            <array name="rec_fields" type="record" depth="1">
            </array>
            <value name="modifiable">true</value>
          </record>
          <record javaclass="com.wm.util.Values">
            <value name="node_type">record</value>
            <value name="node_subtype">unknown</value>
            <value name="node_comment"></value>
            <record name="node_hints" javaclass="com.wm.util.Values">
              <value name="field_largerEditor">false</value>
              <value name="field_password">false</value>
            </record>
            <value name="is_public">false</value>
            <value name="field_name">Body</value>
            <value name="field_type">record</value>
            <value name="field_dim">0</value>
            <value name="wrapper_type">IData</value>
            <value name="nillable">true</value>
            <value name="form_qualified">false</value>
            <value name="is_global">false</value>
            <array name="rec_fields" type="record" depth="1">
              <record javaclass="com.wm.util.Values">
                <value name="node_type">record</value>
                <value name="node_subtype">unknown</value>
                <value name="node_comment"></value>
                <record name="node_hints" javaclass="com.wm.util.Values">
                  <value name="field_largerEditor">false</value>
                  <value name="field_password">false</value>
                </record>
                <value name="is_public">false</value>
                <value name="field_name">executeFinacleScriptResponse</value>
                <value name="field_type">record</value>
                <value name="field_dim">0</value>
                <value name="wrapper_type">IData</value>
                <value name="nillable">true</value>
                <value name="form_qualified">false</value>
                <value name="is_global">false</value>
                <array name="rec_fields" type="record" depth="1">
                </array>
                <value name="modifiable">true</value>
              </record>
              <record javaclass="com.wm.util.Values">
                <value name="node_type">record</value>
                <value name="node_subtype">unknown</value>
                <value name="node_comment"></value>
                <record name="node_hints" javaclass="com.wm.util.Values">
                  <value name="field_largerEditor">false</value>
                  <value name="field_password">false</value>
                </record>
                <value name="is_public">false</value>
                <value name="field_name">Error</value>
                <value name="field_type">record</value>
                <value name="field_dim">0</value>
                <value name="wrapper_type">IData</value>
                <value name="nillable">true</value>
                <value name="form_qualified">false</value>
                <value name="is_global">false</value>
                <array name="rec_fields" type="record" depth="1">
                  <record javaclass="com.wm.util.Values">
                    <value name="node_type">record</value>
                    <value name="node_subtype">unknown</value>
                    <value name="node_comment"></value>
                    <record name="node_hints" javaclass="com.wm.util.Values">
                      <value name="field_largerEditor">false</value>
                      <value name="field_password">false</value>
                    </record>
                    <value name="is_public">false</value>
                    <value name="field_name">FIBusinessException</value>
                    <value name="field_type">record</value>
                    <value name="field_dim">0</value>
                    <value name="wrapper_type">IData</value>
                    <value name="nillable">true</value>
                    <value name="form_qualified">false</value>
                    <value name="is_global">false</value>
                    <array name="rec_fields" type="record" depth="1">
                    </array>
                    <value name="rec_closed">true</value>
                    <value name="modifiable">true</value>
                  </record>
                </array>
                <value name="rec_closed">true</value>
                <value name="modifiable">true</value>
              </record>
            </array>
            <value name="modifiable">true</value>
          </record>
        </array>
        <value name="modifiable">true</value>
      </record>
    </array>
    <value name="modifiable">true</value>
  </record>
</Values>
</MAPSOURCE>

  <!-- nodes -->

<MAPCOPY FROM="/FIXML;2;0/Body;2;0/Error;2;0" TO="/Error;2;0">
</MAPCOPY>
</MAP>

<BRANCH TIMEOUT="" LABELEXPRESSIONS="true">
  <COMMENT>--Checking if Error Document is present or not--</COMMENT>

  <!-- nodes -->

<SEQUENCE NAME="%Error%==$null" TIMEOUT="" EXIT-ON="FAILURE">
  <COMMENT>--if error document not present--</COMMENT>

  <!-- nodes -->

<BRANCH TIMEOUT="" SWITCH="/FIXML/Body/executeFinacleScriptResponse/executeFinacleScript_CustomData">
  <COMMENT>--Checking whether the returned document is empty--</COMMENT>

  <!-- nodes -->

<SEQUENCE NAME="$default" TIMEOUT="" EXIT-ON="FAILURE">
  <COMMENT>--document is not empty--</COMMENT>

  <!-- nodes -->

<MAP TIMEOUT="" MODE="STANDALONE">
  <COMMENT>--map updateEodBalanceResp--</COMMENT>
  <MAPTARGET>

<Values version="2.0">
  <record name="xml" javaclass="com.wm.util.Values">
    <value name="node_type">record</value>
    <value name="node_subtype">unknown</value>
    <value name="is_public">false</value>
    <value name="field_type">record</value>
    <value name="field_dim">0</value>
    <value name="nillable">true</value>
    <value name="form_qualified">false</value>
    <value name="is_global">false</value>
    <array name="rec_fields" type="record" depth="1">
      <record javaclass="com.wm.util.Values">
        <value name="node_type">record</value>
        <value name="node_subtype">unknown</value>
        <value name="node_comment"></value>
        <record name="node_hints" javaclass="com.wm.util.Values">
          <value name="field_largerEditor">false</value>
          <value name="field_password">false</value>
        </record>
        <value name="is_public">false</value>
        <value name="field_name">FIXML</value>
        <value name="field_type">record</value>
        <value name="field_dim">0</value>
        <value name="wrapper_type">IData</value>
        <value name="nillable">true</value>
        <value name="form_qualified">false</value>
        <value name="is_global">false</value>
        <array name="rec_fields" type="record" depth="1">
        </array>
        <value name="modifiable">true</value>
      </record>
      <record javaclass="com.wm.util.Values">
        <value name="node_type">record</value>
        <value name="node_subtype">unknown</value>
        <value name="is_public">false</value>
        <value name="field_name">Error</value>
        <value name="field_type">record</value>
        <value name="field_dim">0</value>
        <value name="nillable">true</value>
        <value name="form_qualified">false</value>
        <value name="is_global">false</value>
        <array name="rec_fields" type="record" depth="1">
        </array>
        <value name="modifiable">true</value>
      </record>
      <record javaclass="com.wm.util.Values">
        <value name="node_type">record</value>
        <value name="node_subtype">unknown</value>
        <value name="is_public">false</value>
        <value name="field_name">updateEodBalanceResp</value>
        <value name="field_type">recref</value>
        <value name="field_dim">0</value>
        <value name="nillable">true</value>
        <value name="form_qualified">false</value>
        <value name="is_global">false</value>
        <value name="modifiable">true</value>
        <value name="rec_ref">RetailSIDBITest.docs:updateEodBalanceResp</value>
      </record>
    </array>
    <value name="modifiable">true</value>
  </record>
</Values>
</MAPTARGET>
  <MAPSOURCE>

<Values version="2.0">
  <record name="xml" javaclass="com.wm.util.Values">
    <value name="node_type">record</value>
    <value name="node_subtype">unknown</value>
    <value name="is_public">false</value>
    <value name="field_type">record</value>
    <value name="field_dim">0</value>
    <value name="nillable">true</value>
    <value name="form_qualified">false</value>
    <value name="is_global">false</value>
    <array name="rec_fields" type="record" depth="1">
      <record javaclass="com.wm.util.Values">
        <value name="node_type">record</value>
        <value name="node_subtype">unknown</value>
        <value name="node_comment"></value>
        <record name="node_hints" javaclass="com.wm.util.Values">
          <value name="field_largerEditor">false</value>
          <value name="field_password">false</value>
        </record>
        <value name="is_public">false</value>
        <value name="field_name">FIXML</value>
        <value name="field_type">record</value>
        <value name="field_dim">0</value>
        <value name="wrapper_type">IData</value>
        <value name="nillable">true</value>
        <value name="form_qualified">false</value>
        <value name="is_global">false</value>
        <array name="rec_fields" type="record" depth="1">
          <record javaclass="com.wm.util.Values">
            <value name="node_type">record</value>
            <value name="node_subtype">unknown</value>
            <value name="node_comment"></value>
            <record name="node_hints" javaclass="com.wm.util.Values">
              <value name="field_largerEditor">false</value>
              <value name="field_password">false</value>
            </record>
            <value name="is_public">false</value>
            <value name="field_name">Header</value>
            <value name="field_type">record</value>
            <value name="field_dim">0</value>
            <value name="wrapper_type">IData</value>
            <value name="nillable">true</value>
            <value name="form_qualified">false</value>
            <value name="is_global">false</value>
            <array name="rec_fields" type="record" depth="1">
            </array>
            <value name="modifiable">true</value>
          </record>
          <record javaclass="com.wm.util.Values">
            <value name="node_type">record</value>
            <value name="node_subtype">unknown</value>
            <value name="node_comment"></value>
            <record name="node_hints" javaclass="com.wm.util.Values">
              <value name="field_largerEditor">false</value>
              <value name="field_password">false</value>
            </record>
            <value name="is_public">false</value>
            <value name="field_name">Body</value>
            <value name="field_type">record</value>
            <value name="field_dim">0</value>
            <value name="wrapper_type">IData</value>
            <value name="nillable">true</value>
            <value name="form_qualified">false</value>
            <value name="is_global">false</value>
            <array name="rec_fields" type="record" depth="1">
              <record javaclass="com.wm.util.Values">
                <value name="node_type">record</value>
                <value name="node_subtype">unknown</value>
                <value name="node_comment"></value>
                <record name="node_hints" javaclass="com.wm.util.Values">
                  <value name="field_largerEditor">false</value>
                  <value name="field_password">false</value>
                </record>
                <value name="is_public">false</value>
                <value name="field_name">executeFinacleScriptResponse</value>
                <value name="field_type">record</value>
                <value name="field_dim">0</value>
                <value name="wrapper_type">IData</value>
                <value name="nillable">true</value>
                <value name="form_qualified">false</value>
                <value name="is_global">false</value>
                <array name="rec_fields" type="record" depth="1">
                  <record javaclass="com.wm.util.Values">
                    <value name="node_type">unknown</value>
                    <value name="node_subtype">unknown</value>
                    <value name="node_comment"></value>
                    <record name="node_hints" javaclass="com.wm.util.Values">
                      <value name="field_usereditable">true</value>
                      <value name="field_largerEditor">false</value>
                      <value name="field_password">false</value>
                    </record>
                    <value name="is_public">false</value>
                    <value name="field_name">ExecuteFinacleScriptOutputVO</value>
                    <value name="field_type">string</value>
                    <value name="field_dim">0</value>
                    <array name="field_options" type="value" depth="1">
                    </array>
                    <value name="nillable">true</value>
                    <value name="form_qualified">false</value>
                    <value name="is_global">false</value>
                  </record>
                  <record javaclass="com.wm.util.Values">
                    <value name="node_type">record</value>
                    <value name="node_subtype">unknown</value>
                    <value name="node_comment"></value>
                    <record name="node_hints" javaclass="com.wm.util.Values">
                      <value name="field_largerEditor">false</value>
                      <value name="field_password">false</value>
                    </record>
                    <value name="is_public">false</value>
                    <value name="field_name">executeFinacleScript_CustomData</value>
                    <value name="field_type">record</value>
                    <value name="field_dim">0</value>
                    <value name="wrapper_type">IData</value>
                    <value name="nillable">true</value>
                    <value name="form_qualified">false</value>
                    <value name="is_global">false</value>
                    <array name="rec_fields" type="record" depth="1">
                      <record javaclass="com.wm.util.Values">
                        <value name="node_type">record</value>
                        <value name="node_subtype">unknown</value>
                        <value name="node_comment"></value>
                        <record name="node_hints" javaclass="com.wm.util.Values">
                          <value name="field_usereditable">true</value>
                          <value name="field_largerEditor">false</value>
                          <value name="field_password">false</value>
                        </record>
                        <value name="is_public">false</value>
                        <value name="field_name">EOD_Clear_Balance</value>
                        <value name="field_type">string</value>
                        <value name="field_dim">0</value>
                        <array name="field_options" type="value" depth="1">
                        </array>
                        <value name="nillable">true</value>
                        <value name="form_qualified">false</value>
                        <value name="is_global">false</value>
                      </record>
                      <record javaclass="com.wm.util.Values">
                        <value name="node_type">record</value>
                        <value name="node_subtype">unknown</value>
                        <value name="node_comment"></value>
                        <record name="node_hints" javaclass="com.wm.util.Values">
                          <value name="field_usereditable">true</value>
                          <value name="field_largerEditor">false</value>
                          <value name="field_password">false</value>
                        </record>
                        <value name="is_public">false</value>
                        <value name="field_name">Debit_freeze_statement</value>
                        <value name="field_type">string</value>
                        <value name="field_dim">0</value>
                        <array name="field_options" type="value" depth="1">
                        </array>
                        <value name="nillable">true</value>
                        <value name="form_qualified">false</value>
                        <value name="is_global">false</value>
                      </record>
                      <record javaclass="com.wm.util.Values">
                        <value name="node_type">record</value>
                        <value name="node_subtype">unknown</value>
                        <value name="node_comment"></value>
                        <record name="node_hints" javaclass="com.wm.util.Values">
                          <value name="field_usereditable">true</value>
                          <value name="field_largerEditor">false</value>
                          <value name="field_password">false</value>
                        </record>
                        <value name="is_public">false</value>
                        <value name="field_name">customer_name</value>
                        <value name="field_type">string</value>
                        <value name="field_dim">0</value>
                        <array name="field_options" type="value" depth="1">
                        </array>
                        <value name="nillable">true</value>
                        <value name="form_qualified">false</value>
                        <value name="is_global">false</value>
                      </record>
                      <record javaclass="com.wm.util.Values">
                        <value name="node_type">record</value>
                        <value name="node_subtype">unknown</value>
                        <value name="node_comment"></value>
                        <record name="node_hints" javaclass="com.wm.util.Values">
                          <value name="field_usereditable">true</value>
                          <value name="field_largerEditor">false</value>
                          <value name="field_password">false</value>
                        </record>
                        <value name="is_public">false</value>
                        <value name="field_name">EOD_balance</value>
                        <value name="field_type">string</value>
                        <value name="field_dim">0</value>
                        <array name="field_options" type="value" depth="1">
                        </array>
                        <value name="nillable">true</value>
                        <value name="form_qualified">false</value>
                        <value name="is_global">false</value>
                      </record>
                      <record javaclass="com.wm.util.Values">
                        <value name="node_type">record</value>
                        <value name="node_subtype">unknown</value>
                        <value name="node_comment"></value>
                        <record name="node_hints" javaclass="com.wm.util.Values">
                          <value name="field_usereditable">true</value>
                          <value name="field_largerEditor">false</value>
                          <value name="field_password">false</value>
                        </record>
                        <value name="is_public">false</value>
                        <value name="field_name">DP_set_at_Bank</value>
                        <value name="field_type">string</value>
                        <value name="field_dim">0</value>
                        <array name="field_options" type="value" depth="1">
                        </array>
                        <value name="nillable">true</value>
                        <value name="form_qualified">false</value>
                        <value name="is_global">false</value>
                      </record>
                      <record javaclass="com.wm.util.Values">
                        <value name="node_type">record</value>
                        <value name="node_subtype">unknown</value>
                        <value name="node_comment"></value>
                        <record name="node_hints" javaclass="com.wm.util.Values">
                          <value name="field_usereditable">true</value>
                          <value name="field_largerEditor">false</value>
                          <value name="field_password">false</value>
                        </record>
                        <value name="is_public">false</value>
                        <value name="field_name">sidbi_cust_code</value>
                        <value name="field_type">string</value>
                        <value name="field_dim">0</value>
                        <array name="field_options" type="value" depth="1">
                        </array>
                        <value name="nillable">true</value>
                        <value name="form_qualified">false</value>
                        <value name="is_global">false</value>
                      </record>
                      <record javaclass="com.wm.util.Values">
                        <value name="node_type">record</value>
                        <value name="node_subtype">unknown</value>
                        <value name="node_comment"></value>
                        <record name="node_hints" javaclass="com.wm.util.Values">
                          <value name="field_usereditable">true</value>
                          <value name="field_largerEditor">false</value>
                          <value name="field_password">false</value>
                        </record>
                        <value name="is_public">false</value>
                        <value name="field_name">sidbi_acct_no</value>
                        <value name="field_type">string</value>
                        <value name="field_dim">0</value>
                        <array name="field_options" type="value" depth="1">
                        </array>
                        <value name="nillable">true</value>
                        <value name="form_qualified">false</value>
                        <value name="is_global">false</value>
                      </record>
                      <record javaclass="com.wm.util.Values">
                        <value name="node_type">record</value>
                        <value name="node_subtype">unknown</value>
                        <value name="node_comment"></value>
                        <record name="node_hints" javaclass="com.wm.util.Values">
                          <value name="field_usereditable">true</value>
                          <value name="field_largerEditor">false</value>
                          <value name="field_password">false</value>
                        </record>
                        <value name="is_public">false</value>
                        <value name="field_name">bank_branch_code</value>
                        <value name="field_type">string</value>
                        <value name="field_dim">0</value>
                        <array name="field_options" type="value" depth="1">
                        </array>
                        <value name="nillable">true</value>
                        <value name="form_qualified">false</value>
                        <value name="is_global">false</value>
                      </record>
                      <record javaclass="com.wm.util.Values">
                        <value name="node_type">record</value>
                        <value name="node_subtype">unknown</value>
                        <value name="node_comment"></value>
                        <record name="node_hints" javaclass="com.wm.util.Values">
                          <value name="field_usereditable">true</value>
                          <value name="field_largerEditor">false</value>
                          <value name="field_password">false</value>
                        </record>
                        <value name="is_public">false</value>
                        <value name="field_name">txn_date</value>
                        <value name="field_type">string</value>
                        <value name="field_dim">0</value>
                        <array name="field_options" type="value" depth="1">
                        </array>
                        <value name="nillable">true</value>
                        <value name="form_qualified">false</value>
                        <value name="is_global">false</value>
                      </record>
                      <record javaclass="com.wm.util.Values">
                        <value name="node_type">record</value>
                        <value name="node_subtype">unknown</value>
                        <value name="node_comment"></value>
                        <record name="node_hints" javaclass="com.wm.util.Values">
                          <value name="field_usereditable">true</value>
                          <value name="field_largerEditor">false</value>
                          <value name="field_password">false</value>
                        </record>
                        <value name="is_public">false</value>
                        <value name="field_name">reasons_for_Debit_freeze</value>
                        <value name="field_type">string</value>
                        <value name="field_dim">0</value>
                        <array name="field_options" type="value" depth="1">
                        </array>
                        <value name="nillable">true</value>
                        <value name="form_qualified">false</value>
                        <value name="is_global">false</value>
                      </record>
                      <record javaclass="com.wm.util.Values">
                        <value name="node_type">record</value>
                        <value name="node_subtype">unknown</value>
                        <value name="node_comment"></value>
                        <record name="node_hints" javaclass="com.wm.util.Values">
                          <value name="field_usereditable">true</value>
                          <value name="field_largerEditor">false</value>
                          <value name="field_password">false</value>
                        </record>
                        <value name="is_public">false</value>
                        <value name="field_name">Float_Balance</value>
                        <value name="field_type">string</value>
                        <value name="field_dim">0</value>
                        <array name="field_options" type="value" depth="1">
                        </array>
                        <value name="nillable">true</value>
                        <value name="form_qualified">false</value>
                        <value name="is_global">false</value>
                      </record>
                      <record javaclass="com.wm.util.Values">
                        <value name="node_type">record</value>
                        <value name="node_subtype">unknown</value>
                        <value name="node_comment"></value>
                        <record name="node_hints" javaclass="com.wm.util.Values">
                          <value name="field_usereditable">true</value>
                          <value name="field_largerEditor">false</value>
                          <value name="field_password">false</value>
                        </record>
                        <value name="is_public">false</value>
                        <value name="field_name">bank_acct_number</value>
                        <value name="field_type">string</value>
                        <value name="field_dim">0</value>
                        <array name="field_options" type="value" depth="1">
                        </array>
                        <value name="nillable">true</value>
                        <value name="form_qualified">false</value>
                        <value name="is_global">false</value>
                      </record>
                      <record javaclass="com.wm.util.Values">
                        <value name="node_type">record</value>
                        <value name="node_subtype">unknown</value>
                        <value name="node_comment"></value>
                        <record name="node_hints" javaclass="com.wm.util.Values">
                          <value name="field_usereditable">true</value>
                          <value name="field_largerEditor">false</value>
                          <value name="field_password">false</value>
                        </record>
                        <value name="is_public">false</value>
                        <value name="field_name">Bank_code</value>
                        <value name="field_type">string</value>
                        <value name="field_dim">0</value>
                        <array name="field_options" type="value" depth="1">
                        </array>
                        <value name="nillable">true</value>
                        <value name="form_qualified">false</value>
                        <value name="is_global">false</value>
                      </record>
                    </array>
                    <value name="modifiable">true</value>
                  </record>
                </array>
                <value name="modifiable">true</value>
              </record>
              <record javaclass="com.wm.util.Values">
                <value name="node_type">record</value>
                <value name="node_subtype">unknown</value>
                <value name="node_comment"></value>
                <record name="node_hints" javaclass="com.wm.util.Values">
                  <value name="field_largerEditor">false</value>
                  <value name="field_password">false</value>
                </record>
                <value name="is_public">false</value>
                <value name="field_name">Error</value>
                <value name="field_type">record</value>
                <value name="field_dim">0</value>
                <value name="wrapper_type">IData</value>
                <value name="nillable">true</value>
                <value name="form_qualified">false</value>
                <value name="is_global">false</value>
                <array name="rec_fields" type="record" depth="1">
                </array>
                <value name="rec_closed">true</value>
                <value name="modifiable">true</value>
              </record>
            </array>
            <value name="modifiable">true</value>
          </record>
        </array>
        <value name="modifiable">true</value>
      </record>
      <record javaclass="com.wm.util.Values">
        <value name="node_type">record</value>
        <value name="node_subtype">unknown</value>
        <value name="is_public">false</value>
        <value name="field_name">Error</value>
        <value name="field_type">record</value>
        <value name="field_dim">0</value>
        <value name="nillable">true</value>
        <value name="form_qualified">false</value>
        <value name="is_global">false</value>
        <array name="rec_fields" type="record" depth="1">
        </array>
        <value name="modifiable">true</value>
      </record>
    </array>
    <value name="modifiable">true</value>
  </record>
</Values>
</MAPSOURCE>

  <!-- nodes -->

<MAPCOPY FROM="/FIXML;2;0/Body;2;0/executeFinacleScriptResponse;2;0/executeFinacleScript_CustomData;2;0/EOD_Clear_Balance;1;0" TO="/updateEodBalanceResp;4;0;RetailSIDBITest.docs:updateEodBalanceResp/eodClearBalance;1;0">
</MAPCOPY>

<MAPCOPY FROM="/FIXML;2;0/Body;2;0/executeFinacleScriptResponse;2;0/executeFinacleScript_CustomData;2;0/Debit_freeze_statement;1;0" TO="/updateEodBalanceResp;4;0;RetailSIDBITest.docs:updateEodBalanceResp/debitFreezeStmt;1;0">
</MAPCOPY>

<MAPCOPY FROM="/FIXML;2;0/Body;2;0/executeFinacleScriptResponse;2;0/executeFinacleScript_CustomData;2;0/customer_name;1;0" TO="/updateEodBalanceResp;4;0;RetailSIDBITest.docs:updateEodBalanceResp/custName;1;0">
</MAPCOPY>

<MAPCOPY FROM="/FIXML;2;0/Body;2;0/executeFinacleScriptResponse;2;0/executeFinacleScript_CustomData;2;0/EOD_balance;1;0" TO="/updateEodBalanceResp;4;0;RetailSIDBITest.docs:updateEodBalanceResp/eodBalance;1;0">
</MAPCOPY>

<MAPCOPY FROM="/FIXML;2;0/Body;2;0/executeFinacleScriptResponse;2;0/executeFinacleScript_CustomData;2;0/DP_set_at_Bank;1;0" TO="/updateEodBalanceResp;4;0;RetailSIDBITest.docs:updateEodBalanceResp/dpSetAtBank;1;0">
</MAPCOPY>

<MAPCOPY FROM="/FIXML;2;0/Body;2;0/executeFinacleScriptResponse;2;0/executeFinacleScript_CustomData;2;0/sidbi_cust_code;1;0" TO="/updateEodBalanceResp;4;0;RetailSIDBITest.docs:updateEodBalanceResp/sidbiCustCode;1;0">
</MAPCOPY>

<MAPCOPY FROM="/FIXML;2;0/Body;2;0/executeFinacleScriptResponse;2;0/executeFinacleScript_CustomData;2;0/sidbi_acct_no;1;0" TO="/updateEodBalanceResp;4;0;RetailSIDBITest.docs:updateEodBalanceResp/sidbiAcctNum;1;0">
</MAPCOPY>

<MAPCOPY FROM="/FIXML;2;0/Body;2;0/executeFinacleScriptResponse;2;0/executeFinacleScript_CustomData;2;0/bank_branch_code;1;0" TO="/updateEodBalanceResp;4;0;RetailSIDBITest.docs:updateEodBalanceResp/bankBranchCode;1;0">
</MAPCOPY>

<MAPCOPY FROM="/FIXML;2;0/Body;2;0/executeFinacleScriptResponse;2;0/executeFinacleScript_CustomData;2;0/txn_date;1;0" TO="/updateEodBalanceResp;4;0;RetailSIDBITest.docs:updateEodBalanceResp/txnDate;1;0">
</MAPCOPY>

<MAPCOPY FROM="/FIXML;2;0/Body;2;0/executeFinacleScriptResponse;2;0/executeFinacleScript_CustomData;2;0/reasons_for_Debit_freeze;1;0" TO="/updateEodBalanceResp;4;0;RetailSIDBITest.docs:updateEodBalanceResp/debitFreezeReason;1;0">
</MAPCOPY>

<MAPCOPY FROM="/FIXML;2;0/Body;2;0/executeFinacleScriptResponse;2;0/executeFinacleScript_CustomData;2;0/bank_acct_number;1;0" TO="/updateEodBalanceResp;4;0;RetailSIDBITest.docs:updateEodBalanceResp/bankAcctNum;1;0">
</MAPCOPY>

<MAPCOPY FROM="/FIXML;2;0/Body;2;0/executeFinacleScriptResponse;2;0/executeFinacleScript_CustomData;2;0/Bank_code;1;0" TO="/updateEodBalanceResp;4;0;RetailSIDBITest.docs:updateEodBalanceResp/bankCode;1;0">
</MAPCOPY>

<MAPCOPY FROM="/FIXML;2;0/Body;2;0/executeFinacleScriptResponse;2;0/executeFinacleScript_CustomData;2;0/Float_Balance;1;0" TO="/updateEodBalanceResp;4;0;RetailSIDBITest.docs:updateEodBalanceResp/floatBalance;1;0">
</MAPCOPY>
</MAP>
</SEQUENCE>

<MAP NAME="$null" TIMEOUT="" MODE="STANDALONE">
  <COMMENT>--document is empty--</COMMENT>
</MAP>
</BRANCH>
</SEQUENCE>

<MAP NAME="%Error%!=$null" TIMEOUT="" MODE="STANDALONE">
  <COMMENT>--if error document is present--</COMMENT>
  <MAPTARGET>

<Values version="2.0">
  <record name="xml" javaclass="com.wm.util.Values">
    <value name="node_type">record</value>
    <value name="node_subtype">unknown</value>
    <value name="is_public">false</value>
    <value name="field_type">record</value>
    <value name="field_dim">0</value>
    <value name="nillable">true</value>
    <value name="form_qualified">false</value>
    <value name="is_global">false</value>
    <array name="rec_fields" type="record" depth="1">
      <record javaclass="com.wm.util.Values">
        <value name="node_type">record</value>
        <value name="node_subtype">unknown</value>
        <value name="node_comment"></value>
        <record name="node_hints" javaclass="com.wm.util.Values">
          <value name="field_largerEditor">false</value>
          <value name="field_password">false</value>
        </record>
        <value name="is_public">false</value>
        <value name="field_name">FIXML</value>
        <value name="field_type">record</value>
        <value name="field_dim">0</value>
        <value name="wrapper_type">IData</value>
        <value name="nillable">true</value>
        <value name="form_qualified">false</value>
        <value name="is_global">false</value>
        <array name="rec_fields" type="record" depth="1">
        </array>
        <value name="modifiable">true</value>
      </record>
      <record javaclass="com.wm.util.Values">
        <value name="node_type">record</value>
        <value name="node_subtype">unknown</value>
        <value name="is_public">false</value>
        <value name="field_name">updateEodBalanceResp</value>
        <value name="field_type">recref</value>
        <value name="field_dim">0</value>
        <value name="nillable">true</value>
        <value name="form_qualified">false</value>
        <value name="is_global">false</value>
        <value name="modifiable">true</value>
        <value name="rec_ref">RetailSIDBITest.docs:updateEodBalanceResp</value>
      </record>
    </array>
    <value name="modifiable">true</value>
  </record>
</Values>
</MAPTARGET>
  <MAPSOURCE>

<Values version="2.0">
  <record name="xml" javaclass="com.wm.util.Values">
    <value name="node_type">record</value>
    <value name="node_subtype">unknown</value>
    <value name="is_public">false</value>
    <value name="field_type">record</value>
    <value name="field_dim">0</value>
    <value name="nillable">true</value>
    <value name="form_qualified">false</value>
    <value name="is_global">false</value>
    <array name="rec_fields" type="record" depth="1">
      <record javaclass="com.wm.util.Values">
        <value name="node_type">record</value>
        <value name="node_subtype">unknown</value>
        <value name="is_public">false</value>
        <value name="field_name">executeFinacleScriptResponse</value>
        <value name="field_type">record</value>
        <value name="field_dim">0</value>
        <value name="nillable">true</value>
        <value name="form_qualified">false</value>
        <value name="is_global">false</value>
        <array name="rec_fields" type="record" depth="1">
        </array>
        <value name="modifiable">true</value>
      </record>
      <record javaclass="com.wm.util.Values">
        <value name="node_type">record</value>
        <value name="node_subtype">unknown</value>
        <value name="node_comment"></value>
        <record name="node_hints" javaclass="com.wm.util.Values">
          <value name="field_largerEditor">false</value>
          <value name="field_password">false</value>
        </record>
        <value name="is_public">false</value>
        <value name="field_name">FIXML</value>
        <value name="field_type">record</value>
        <value name="field_dim">0</value>
        <value name="wrapper_type">IData</value>
        <value name="nillable">true</value>
        <value name="form_qualified">false</value>
        <value name="is_global">false</value>
        <array name="rec_fields" type="record" depth="1">
        </array>
        <value name="modifiable">true</value>
      </record>
      <record javaclass="com.wm.util.Values">
        <value name="node_type">unknown</value>
        <value name="node_subtype">unknown</value>
        <value name="is_public">false</value>
        <value name="field_name">valueDate</value>
        <value name="field_type">string</value>
        <value name="field_dim">0</value>
        <value name="nillable">true</value>
        <value name="form_qualified">false</value>
        <value name="is_global">false</value>
      </record>
      <record javaclass="com.wm.util.Values">
        <value name="node_type">record</value>
        <value name="node_subtype">unknown</value>
        <value name="is_public">false</value>
        <value name="field_name">Error</value>
        <value name="field_type">record</value>
        <value name="field_dim">0</value>
        <value name="nillable">true</value>
        <value name="form_qualified">false</value>
        <value name="is_global">false</value>
        <array name="rec_fields" type="record" depth="1">
          <record javaclass="com.wm.util.Values">
            <value name="node_type">record</value>
            <value name="node_subtype">unknown</value>
            <value name="is_public">false</value>
            <value name="field_name">FIBusinessException</value>
            <value name="field_type">record</value>
            <value name="field_dim">0</value>
            <value name="nillable">true</value>
            <value name="form_qualified">false</value>
            <value name="is_global">false</value>
            <array name="rec_fields" type="record" depth="1">
              <record javaclass="com.wm.util.Values">
                <value name="node_type">record</value>
                <value name="node_subtype">unknown</value>
                <value name="is_public">false</value>
                <value name="field_name">ErrorDetail</value>
                <value name="field_type">record</value>
                <value name="field_dim">0</value>
                <value name="nillable">true</value>
                <value name="form_qualified">false</value>
                <value name="is_global">false</value>
                <array name="rec_fields" type="record" depth="1">
                  <record javaclass="com.wm.util.Values">
                    <value name="node_type">unknown</value>
                    <value name="node_subtype">unknown</value>
                    <value name="is_public">false</value>
                    <value name="field_name">ErrorCode</value>
                    <value name="field_type">string</value>
                    <value name="field_dim">0</value>
                    <value name="nillable">true</value>
                    <value name="form_qualified">false</value>
                    <value name="is_global">false</value>
                  </record>
                  <record javaclass="com.wm.util.Values">
                    <value name="node_type">unknown</value>
                    <value name="node_subtype">unknown</value>
                    <value name="is_public">false</value>
                    <value name="field_name">ErrorType</value>
                    <value name="field_type">string</value>
                    <value name="field_dim">0</value>
                    <value name="nillable">true</value>
                    <value name="form_qualified">false</value>
                    <value name="is_global">false</value>
                  </record>
                  <record javaclass="com.wm.util.Values">
                    <value name="node_type">unknown</value>
                    <value name="node_subtype">unknown</value>
                    <value name="is_public">false</value>
                    <value name="field_name">ErrorDesc</value>
                    <value name="field_type">string</value>
                    <value name="field_dim">0</value>
                    <value name="nillable">true</value>
                    <value name="form_qualified">false</value>
                    <value name="is_global">false</value>
                  </record>
                </array>
                <value name="modifiable">true</value>
              </record>
            </array>
            <value name="modifiable">true</value>
          </record>
        </array>
        <value name="modifiable">true</value>
      </record>
    </array>
    <value name="modifiable">true</value>
  </record>
</Values>
</MAPSOURCE>

  <!-- nodes -->

<MAPDELETE FIELD="/executeFinacleScriptResponse;2;0">
</MAPDELETE>

<MAPDELETE FIELD="/Error;2;0">
</MAPDELETE>

<MAPDELETE FIELD="/valueDate;1;0">
</MAPDELETE>

<MAPCOPY FROM="/Error;2;0/FIBusinessException;2;0/ErrorDetail;2;0/ErrorCode;1;0" TO="/updateEodBalanceResp;4;0;RetailSIDBITest.docs:updateEodBalanceResp/error;2;0/code;1;0">
</MAPCOPY>

<MAPCOPY FROM="/Error;2;0/FIBusinessException;2;0/ErrorDetail;2;0/ErrorType;1;0" TO="/updateEodBalanceResp;4;0;RetailSIDBITest.docs:updateEodBalanceResp/error;2;0/type;1;0">
</MAPCOPY>

<MAPCOPY FROM="/Error;2;0/FIBusinessException;2;0/ErrorDetail;2;0/ErrorDesc;1;0" TO="/updateEodBalanceResp;4;0;RetailSIDBITest.docs:updateEodBalanceResp/error;2;0/message;1;0">
</MAPCOPY>
</MAP>
</BRANCH>

<INVOKE TIMEOUT="" SERVICE="pub.json:documentToJSONString" VALIDATE-IN="$none" VALIDATE-OUT="$none">
  <COMMENT>--Converting to JSON--</COMMENT>

  <!-- nodes -->

<MAP MODE="INPUT">
  <MAPTARGET>

<Values version="2.0">
  <record name="xml" javaclass="com.wm.util.Values">
    <value name="node_type">record</value>
    <value name="node_subtype">unknown</value>
    <value name="is_public">false</value>
    <value name="field_name">documentToJSONStringInput</value>
    <value name="field_type">record</value>
    <value name="field_dim">0</value>
    <value name="nillable">true</value>
    <value name="form_qualified">false</value>
    <value name="is_global">false</value>
    <array name="rec_fields" type="record" depth="1">
      <record javaclass="com.wm.util.Values">
        <value name="node_type">record</value>
        <value name="node_subtype">unknown</value>
        <value name="is_public">false</value>
        <value name="field_name">document</value>
        <value name="field_type">record</value>
        <value name="field_dim">0</value>
        <value name="nillable">true</value>
        <value name="form_qualified">false</value>
        <value name="is_global">false</value>
        <array name="rec_fields" type="record" depth="1">
        </array>
        <value name="modifiable">true</value>
      </record>
      <record javaclass="com.wm.util.Values">
        <value name="node_type">field</value>
        <value name="node_subtype">unknown</value>
        <value name="is_public">false</value>
        <value name="field_name">prettyPrint</value>
        <value name="field_type">string</value>
        <value name="field_dim">0</value>
        <value name="field_opt">true</value>
        <value name="nillable">true</value>
        <value name="form_qualified">false</value>
        <value name="is_global">false</value>
      </record>
      <record javaclass="com.wm.util.Values">
        <value name="node_type">field</value>
        <value name="node_subtype">unknown</value>
        <record name="node_hints" javaclass="com.wm.util.Values">
          <value name="field_usereditable">true</value>
          <value name="field_largerEditor">true</value>
          <value name="field_password">false</value>
        </record>
        <value name="is_public">false</value>
        <value name="field_name">encodeDateAs</value>
        <value name="field_type">string</value>
        <value name="field_dim">0</value>
        <value name="field_opt">true</value>
        <array name="field_options" type="value" depth="1">
          <value>long</value>
          <value>ISO8601</value>
        </array>
        <value name="nillable">true</value>
        <value name="form_qualified">false</value>
        <value name="is_global">false</value>
      </record>
    </array>
    <value name="modifiable">true</value>
  </record>
</Values>
</MAPTARGET>
  <MAPSOURCE>

<Values version="2.0">
  <record name="xml" javaclass="com.wm.util.Values">
    <value name="node_type">record</value>
    <value name="node_subtype">unknown</value>
    <value name="is_public">false</value>
    <value name="field_type">record</value>
    <value name="field_dim">0</value>
    <value name="nillable">true</value>
    <value name="form_qualified">false</value>
    <value name="is_global">false</value>
    <array name="rec_fields" type="record" depth="1">
      <record javaclass="com.wm.util.Values">
        <value name="node_type">record</value>
        <value name="node_subtype">unknown</value>
        <value name="node_comment"></value>
        <record name="node_hints" javaclass="com.wm.util.Values">
          <value name="field_largerEditor">false</value>
          <value name="field_password">false</value>
        </record>
        <value name="is_public">false</value>
        <value name="field_name">FIXML</value>
        <value name="field_type">record</value>
        <value name="field_dim">0</value>
        <value name="wrapper_type">IData</value>
        <value name="nillable">true</value>
        <value name="form_qualified">false</value>
        <value name="is_global">false</value>
        <array name="rec_fields" type="record" depth="1">
        </array>
        <value name="modifiable">true</value>
      </record>
      <record javaclass="com.wm.util.Values">
        <value name="node_type">record</value>
        <value name="node_subtype">unknown</value>
        <value name="is_public">false</value>
        <value name="field_name">updateEodBalanceResp</value>
        <value name="field_type">recref</value>
        <value name="field_dim">0</value>
        <value name="nillable">true</value>
        <value name="form_qualified">false</value>
        <value name="is_global">false</value>
        <value name="modifiable">true</value>
        <value name="rec_ref">RetailSIDBITest.docs:updateEodBalanceResp</value>
      </record>
    </array>
    <value name="modifiable">true</value>
  </record>
</Values>
</MAPSOURCE>

  <!-- nodes -->

<MAPDELETE FIELD="/updateEodBalanceResp;4;0;RetailSIDBITest.docs:updateEodBalanceResp">
</MAPDELETE>

<MAPCOPY FROM="/updateEodBalanceResp;4;0;RetailSIDBITest.docs:updateEodBalanceResp" TO="/document;2;0">
</MAPCOPY>
</MAP>

<MAP MODE="OUTPUT">
  <MAPTARGET>

<Values version="2.0">
  <record name="xml" javaclass="com.wm.util.Values">
    <value name="node_type">record</value>
    <value name="node_subtype">unknown</value>
    <value name="is_public">false</value>
    <value name="field_type">record</value>
    <value name="field_dim">0</value>
    <value name="nillable">true</value>
    <value name="form_qualified">false</value>
    <value name="is_global">false</value>
    <array name="rec_fields" type="record" depth="1">
      <record javaclass="com.wm.util.Values">
        <value name="node_type">record</value>
        <value name="node_subtype">unknown</value>
        <value name="is_public">false</value>
        <value name="field_name">document</value>
        <value name="field_type">record</value>
        <value name="field_dim">0</value>
        <value name="nillable">true</value>
        <value name="form_qualified">false</value>
        <value name="is_global">false</value>
        <array name="rec_fields" type="record" depth="1">
        </array>
        <value name="modifiable">true</value>
      </record>
      <record javaclass="com.wm.util.Values">
        <value name="node_type">record</value>
        <value name="node_subtype">unknown</value>
        <value name="node_comment"></value>
        <record name="node_hints" javaclass="com.wm.util.Values">
          <value name="field_largerEditor">false</value>
          <value name="field_password">false</value>
        </record>
        <value name="is_public">false</value>
        <value name="field_name">FIXML</value>
        <value name="field_type">record</value>
        <value name="field_dim">0</value>
        <value name="wrapper_type">IData</value>
        <value name="nillable">true</value>
        <value name="form_qualified">false</value>
        <value name="is_global">false</value>
        <array name="rec_fields" type="record" depth="1">
        </array>
        <value name="modifiable">true</value>
      </record>
      <record javaclass="com.wm.util.Values">
        <value name="node_type">unknown</value>
        <value name="node_subtype">unknown</value>
        <value name="node_comment"></value>
        <record name="node_hints" javaclass="com.wm.util.Values">
          <value name="field_usereditable">true</value>
          <value name="field_largerEditor">false</value>
          <value name="field_password">false</value>
        </record>
        <value name="is_public">false</value>
        <value name="field_name">apiRespJSON</value>
        <value name="field_type">string</value>
        <value name="field_dim">0</value>
        <array name="field_options" type="value" depth="1">
        </array>
        <value name="nillable">true</value>
        <value name="form_qualified">false</value>
        <value name="is_global">false</value>
      </record>
      <record javaclass="com.wm.util.Values">
        <value name="node_type">field</value>
        <value name="node_subtype">unknown</value>
        <value name="is_public">false</value>
        <value name="field_name">jsonString</value>
        <value name="field_type">string</value>
        <value name="field_dim">0</value>
        <value name="nillable">true</value>
        <value name="form_qualified">false</value>
        <value name="is_global">false</value>
      </record>
    </array>
    <value name="modifiable">true</value>
  </record>
</Values>
</MAPTARGET>
  <MAPSOURCE>

<Values version="2.0">
  <record name="xml" javaclass="com.wm.util.Values">
    <value name="node_type">record</value>
    <value name="node_subtype">unknown</value>
    <value name="is_public">false</value>
    <value name="field_name">documentToJSONStringOutput</value>
    <value name="field_type">record</value>
    <value name="field_dim">0</value>
    <value name="nillable">true</value>
    <value name="form_qualified">false</value>
    <value name="is_global">false</value>
    <array name="rec_fields" type="record" depth="1">
      <record javaclass="com.wm.util.Values">
        <value name="node_type">field</value>
        <value name="node_subtype">unknown</value>
        <value name="is_public">false</value>
        <value name="field_name">jsonString</value>
        <value name="field_type">string</value>
        <value name="field_dim">0</value>
        <value name="nillable">true</value>
        <value name="form_qualified">false</value>
        <value name="is_global">false</value>
      </record>
    </array>
    <value name="modifiable">true</value>
  </record>
</Values>
</MAPSOURCE>

  <!-- nodes -->

<MAPCOPY FROM="/jsonString;1;0" TO="/apiRespJSON;1;0">
</MAPCOPY>

<MAPDELETE FIELD="/jsonString;1;0">
</MAPDELETE>

<MAPDELETE FIELD="/document;2;0">
</MAPDELETE>
</MAP>
</INVOKE>
</FLOW>
