[{"assetType":"PolicyAction","assetObject":{"name":"Policy Action [Invoke webMethods IS] -> Policy For API Sidbi Request transaction[2]","id":"e68b51cf-f409-4a82-8309-ae9803aa7571","status":"Success","explanation":"OK","warning":false}},{"assetType":"PolicyAction","assetObject":{"name":"Policy Action [Response Transformation] -> Policy For API Sidbi Request transaction[2]","id":"53dc73d6-37dc-4798-a38a-0966c6923d17","status":"Success","explanation":"OK","warning":false}},{"assetType":"PolicyAction","assetObject":{"name":"Policy Action [Request Transformation] -> Policy For API Sidbi Request transaction[2]","id":"2151e0d0-5544-401c-9388-4da6797e4e8d","status":"Success","explanation":"OK","warning":false}},{"assetType":"RegisteredApplication","assetObject":{"name":"RegisteredApplication [ eKycESB ]","id":"34b81525-0694-412e-b380-863d2bd93ba9","status":"Success","explanation":"OK","warning":false}},{"assetType":"PolicyAction","assetObject":{"name":"Policy Action [Conditional Error Processing] -> Policy For API Sidbi Request transaction[2]","id":"8213709c-a1bb-4f8f-bd58-da16b3bb0010","status":"Success","explanation":"OK","warning":false}},{"assetType":"PolicyAction","assetObject":{"name":"Policy Action [Invoke webMethods IS] -> Policy For API Sidbi Request transaction[2]","id":"e5caeed5-fdbf-4a2a-a485-8b322a35191a","status":"Success","explanation":"OK","warning":false}},{"assetType":"PolicyAction","assetObject":{"name":"Policy Action [Straight Through Routing] -> Policy For API Sidbi Request transaction[2]","id":"2d64fbae-b1bc-461a-8f2b-30c0b0339ebb","status":"Success","explanation":"OK","warning":false}},{"assetType":"API","assetObject":{"name":"Sidbi Request transaction[2]","id":"cec21555-0780-43fa-b82f-2aa92d183a5c","status":"Success","explanation":"OK","warning":false}},{"assetType":"PolicyAction","assetObject":{"name":"Policy Action [Enable HTTP / HTTPS] -> Policy For API Sidbi Request transaction[2]","id":"487b0d76-ebac-4753-a797-32a3829e8f5f","status":"Success","explanation":"OK","warning":false}},{"assetType":"PolicyAction","assetObject":{"name":"Policy Action [Identify & Authorize] -> Policy For API Sidbi Request transaction[2]","id":"66be732a-ea3d-48b6-ac32-baf11da284ca","status":"Success","explanation":"OK","warning":false}},{"assetType":"PassmanData","assetObject":{"name":"API_ACCESS_KEY34b81525-0694-412e-b380-863d2bd93ba9","id":"API_ACCESS_KEY34b81525-0694-412e-b380-863d2bd93ba9","status":"Success","explanation":"OK","warning":false}},{"assetType":"Policy","assetObject":{"name":"Policy For API Sidbi Request transaction[2]","id":"ba707b10-57aa-4f1b-bf17-bbaceeec59f8","status":"Success","explanation":"OK","warning":false}},{"assetType":"Application","assetObject":{"name":"eKycESB","id":"34b81525-0694-412e-b380-863d2bd93ba9","status":"Success","explanation":"OK","warning":false}}]