<?xml version="1.0" encoding="UTF-8"?>

<FLOW VERSION="3.0" CLEANUP="true">

  <!-- nodes -->

<MAP TIMEOUT="" MODE="STANDALONE">
  <COMMENT>--Forming Config file name based on current enviornment--</COMMENT>
  <MAPTARGET>

<Values version="2.0">
  <record name="xml" javaclass="com.wm.util.Values">
    <value name="node_type">record</value>
    <value name="node_subtype">unknown</value>
    <value name="is_public">false</value>
    <value name="field_type">record</value>
    <value name="field_dim">0</value>
    <value name="nillable">true</value>
    <value name="form_qualified">false</value>
    <value name="is_global">false</value>
    <array name="rec_fields" type="record" depth="1">
      <record javaclass="com.wm.util.Values">
        <value name="node_type">record</value>
        <value name="node_subtype">unknown</value>
        <value name="node_comment"></value>
        <record name="node_hints" javaclass="com.wm.util.Values">
          <value name="field_usereditable">true</value>
          <value name="field_largerEditor">false</value>
          <value name="field_password">false</value>
        </record>
        <value name="is_public">false</value>
        <value name="field_name">bankAccountNum</value>
        <value name="field_type">string</value>
        <value name="field_dim">0</value>
        <array name="field_options" type="value" depth="1">
        </array>
        <record name="field_content_type" javaclass="com.wm.util.Values">
          <record name="length" javaclass="com.wm.util.Values">
            <record name="FLenCValue" javaclass="com.wm.util.Values">
              <value name="cDecimalValue">16</value>
            </record>
            <value name="facetFixed">false</value>
          </record>
          <record name="whiteSpace" javaclass="com.wm.util.Values">
            <record name="FacetWSCValue" javaclass="com.wm.util.Values">
              <value name="cDecimalValue">3</value>
            </record>
            <value name="facetFixed">false</value>
          </record>
          <value name="contentType">1</value>
          <value name="internalType">instance</value>
          <value name="ct_class">com.wm.lang.schema.datatypev2.WmString</value>
          <value name="name">string_customized</value>
          <array name="parent-ancestors" type="record" depth="1">
            <record javaclass="com.wm.util.Values">
              <value name="xmlns">http://www.w3.org/2001/XMLSchema</value>
              <value name="ncName">anySimpleType</value>
            </record>
            <record javaclass="com.wm.util.Values">
              <value name="xmlns">http://www.w3.org/2001/XMLSchema</value>
              <value name="ncName">anyType</value>
            </record>
            <record javaclass="com.wm.util.Values">
              <value name="xmlns">http://www.w3.org/2001/XMLSchema</value>
              <value name="ncName">string</value>
            </record>
          </array>
          <record name="baseType" javaclass="com.wm.util.Values">
            <record name="whiteSpace" javaclass="com.wm.util.Values">
              <record name="FacetWSCValue" javaclass="com.wm.util.Values">
                <value name="cDecimalValue">3</value>
              </record>
              <value name="facetFixed">false</value>
            </record>
            <value name="contentType">1</value>
            <value name="internalType">instance</value>
            <value name="ct_class">com.wm.lang.schema.datatypev2.WmString</value>
            <value name="dataTypeVersion">dtVersion2</value>
          </record>
          <value name="dataTypeVersion">dtVersion2</value>
        </record>
        <value name="nillable">true</value>
        <value name="form_qualified">false</value>
        <value name="is_global">false</value>
      </record>
      <record javaclass="com.wm.util.Values">
        <value name="node_type">record</value>
        <value name="node_subtype">unknown</value>
        <value name="node_comment"></value>
        <record name="node_hints" javaclass="com.wm.util.Values">
          <value name="field_usereditable">true</value>
          <value name="field_largerEditor">false</value>
          <value name="field_password">false</value>
        </record>
        <value name="is_public">false</value>
        <value name="field_name">valueDate</value>
        <value name="field_type">string</value>
        <value name="field_dim">0</value>
        <array name="field_options" type="value" depth="1">
        </array>
        <record name="field_content_type" javaclass="com.wm.util.Values">
          <record name="length" javaclass="com.wm.util.Values">
            <record name="FLenCValue" javaclass="com.wm.util.Values">
              <value name="cDecimalValue">8</value>
            </record>
            <value name="facetFixed">false</value>
          </record>
          <record name="whiteSpace" javaclass="com.wm.util.Values">
            <record name="FacetWSCValue" javaclass="com.wm.util.Values">
              <value name="cDecimalValue">3</value>
            </record>
            <value name="facetFixed">false</value>
          </record>
          <value name="contentType">1</value>
          <value name="internalType">instance</value>
          <value name="ct_class">com.wm.lang.schema.datatypev2.WmString</value>
          <value name="name">string_customized</value>
          <array name="parent-ancestors" type="record" depth="1">
            <record javaclass="com.wm.util.Values">
              <value name="xmlns">http://www.w3.org/2001/XMLSchema</value>
              <value name="ncName">anySimpleType</value>
            </record>
            <record javaclass="com.wm.util.Values">
              <value name="xmlns">http://www.w3.org/2001/XMLSchema</value>
              <value name="ncName">anyType</value>
            </record>
            <record javaclass="com.wm.util.Values">
              <value name="xmlns">http://www.w3.org/2001/XMLSchema</value>
              <value name="ncName">string</value>
            </record>
          </array>
          <record name="baseType" javaclass="com.wm.util.Values">
            <record name="whiteSpace" javaclass="com.wm.util.Values">
              <record name="FacetWSCValue" javaclass="com.wm.util.Values">
                <value name="cDecimalValue">3</value>
              </record>
              <value name="facetFixed">false</value>
            </record>
            <value name="contentType">1</value>
            <value name="internalType">instance</value>
            <value name="ct_class">com.wm.lang.schema.datatypev2.WmString</value>
            <value name="dataTypeVersion">dtVersion2</value>
          </record>
          <value name="dataTypeVersion">dtVersion2</value>
        </record>
        <value name="nillable">true</value>
        <value name="form_qualified">false</value>
        <value name="is_global">false</value>
      </record>
      <record javaclass="com.wm.util.Values">
        <value name="node_type">record</value>
        <value name="node_subtype">unknown</value>
        <value name="node_comment"></value>
        <record name="node_hints" javaclass="com.wm.util.Values">
          <value name="field_usereditable">true</value>
          <value name="field_largerEditor">false</value>
          <value name="field_password">false</value>
        </record>
        <value name="is_public">false</value>
        <value name="field_name">amount</value>
        <value name="field_type">string</value>
        <value name="field_dim">0</value>
        <array name="field_options" type="value" depth="1">
        </array>
        <record name="field_content_type" javaclass="com.wm.util.Values">
          <record name="totalDigits" javaclass="com.wm.util.Values">
            <record name="FacetTDCValue" javaclass="com.wm.util.Values">
              <value name="cDecimalValue">17</value>
            </record>
            <value name="facetFixed">false</value>
          </record>
          <record name="fractionDigits" javaclass="com.wm.util.Values">
            <record name="FacetFDCValue" javaclass="com.wm.util.Values">
              <value name="cDecimalValue">3</value>
            </record>
            <value name="facetFixed">false</value>
          </record>
          <value name="contentType">1</value>
          <value name="internalType">instance</value>
          <value name="ct_class">com.wm.lang.schema.datatypev2.WmDecimal</value>
          <value name="name">decimal_customized</value>
          <array name="parent-ancestors" type="record" depth="1">
            <record javaclass="com.wm.util.Values">
              <value name="xmlns">http://www.w3.org/2001/XMLSchema</value>
              <value name="ncName">anySimpleType</value>
            </record>
            <record javaclass="com.wm.util.Values">
              <value name="xmlns">http://www.w3.org/2001/XMLSchema</value>
              <value name="ncName">anyType</value>
            </record>
            <record javaclass="com.wm.util.Values">
              <value name="xmlns">http://www.w3.org/2001/XMLSchema</value>
              <value name="ncName">decimal</value>
            </record>
          </array>
          <record name="baseType" javaclass="com.wm.util.Values">
            <record name="whiteSpace" javaclass="com.wm.util.Values">
              <record name="FacetWSCValue" javaclass="com.wm.util.Values">
                <value name="cDecimalValue">1</value>
              </record>
              <value name="facetFixed">true</value>
            </record>
            <value name="contentType">1</value>
            <value name="internalType">instance</value>
            <value name="ct_class">com.wm.lang.schema.datatypev2.WmDecimal</value>
            <value name="dataTypeVersion">dtVersion2</value>
          </record>
          <value name="dataTypeVersion">dtVersion2</value>
        </record>
        <value name="nillable">true</value>
        <value name="form_qualified">false</value>
        <value name="is_global">false</value>
      </record>
      <record javaclass="com.wm.util.Values">
        <value name="node_type">record</value>
        <value name="node_subtype">unknown</value>
        <value name="node_comment"></value>
        <record name="node_hints" javaclass="com.wm.util.Values">
          <value name="field_usereditable">true</value>
          <value name="field_largerEditor">false</value>
          <value name="field_password">false</value>
        </record>
        <value name="is_public">false</value>
        <value name="field_name">requestUUID</value>
        <value name="field_type">string</value>
        <value name="field_dim">0</value>
        <array name="field_options" type="value" depth="1">
        </array>
        <value name="nillable">true</value>
        <value name="form_qualified">false</value>
        <value name="is_global">false</value>
      </record>
      <record javaclass="com.wm.util.Values">
        <value name="node_type">unknown</value>
        <value name="node_subtype">unknown</value>
        <value name="is_public">false</value>
        <value name="field_name">configFileName</value>
        <value name="field_type">string</value>
        <value name="field_dim">0</value>
        <value name="nillable">true</value>
        <value name="form_qualified">false</value>
        <value name="is_global">false</value>
      </record>
    </array>
    <value name="modifiable">true</value>
  </record>
</Values>
</MAPTARGET>
  <MAPSOURCE>

<Values version="2.0">
  <record name="xml" javaclass="com.wm.util.Values">
    <value name="node_type">record</value>
    <value name="node_subtype">unknown</value>
    <value name="is_public">false</value>
    <value name="field_type">record</value>
    <value name="field_dim">0</value>
    <value name="nillable">true</value>
    <value name="form_qualified">false</value>
    <value name="is_global">false</value>
    <array name="rec_fields" type="record" depth="1">
    </array>
    <value name="modifiable">true</value>
  </record>
</Values>
</MAPSOURCE>

  <!-- nodes -->

<MAPSET NAME="Setter" OVERWRITE="false" VARIABLES="false" GLOBALVARIABLES="true" FIELD="/configFileName;1;0">
  <DATA ENCODING="XMLValues" I18N="true">

<Values version="2.0">
  <value name="xml">RetailAssetsSIDBI-%env%</value>
  <record name="type" javaclass="com.wm.util.Values">
    <value name="node_type">unknown</value>
    <value name="node_subtype">unknown</value>
    <value name="is_public">false</value>
    <value name="field_name">configFileName</value>
    <value name="field_type">string</value>
    <value name="field_dim">0</value>
    <value name="nillable">true</value>
    <value name="form_qualified">false</value>
    <value name="is_global">false</value>
  </record>
</Values>
</DATA>
</MAPSET>
</MAP>

<MAP TIMEOUT="" MODE="STANDALONE">
  <COMMENT>--initializing variables and fetching configurations from Global Variables--</COMMENT>
  <MAPTARGET>

<Values version="2.0">
  <record name="xml" javaclass="com.wm.util.Values">
    <value name="node_type">record</value>
    <value name="node_subtype">unknown</value>
    <value name="is_public">false</value>
    <value name="field_type">record</value>
    <value name="field_dim">0</value>
    <value name="nillable">true</value>
    <value name="form_qualified">false</value>
    <value name="is_global">false</value>
    <array name="rec_fields" type="record" depth="1">
      <record javaclass="com.wm.util.Values">
        <value name="node_type">record</value>
        <value name="node_subtype">unknown</value>
        <value name="node_comment"></value>
        <record name="node_hints" javaclass="com.wm.util.Values">
          <value name="field_usereditable">true</value>
          <value name="field_largerEditor">false</value>
          <value name="field_password">false</value>
        </record>
        <value name="is_public">false</value>
        <value name="field_name">bankAccountNum</value>
        <value name="field_type">string</value>
        <value name="field_dim">0</value>
        <array name="field_options" type="value" depth="1">
        </array>
        <record name="field_content_type" javaclass="com.wm.util.Values">
          <record name="length" javaclass="com.wm.util.Values">
            <record name="FLenCValue" javaclass="com.wm.util.Values">
              <value name="cDecimalValue">16</value>
            </record>
            <value name="facetFixed">false</value>
          </record>
          <record name="whiteSpace" javaclass="com.wm.util.Values">
            <record name="FacetWSCValue" javaclass="com.wm.util.Values">
              <value name="cDecimalValue">3</value>
            </record>
            <value name="facetFixed">false</value>
          </record>
          <value name="contentType">1</value>
          <value name="internalType">instance</value>
          <value name="ct_class">com.wm.lang.schema.datatypev2.WmString</value>
          <value name="name">string_customized</value>
          <array name="parent-ancestors" type="record" depth="1">
            <record javaclass="com.wm.util.Values">
              <value name="xmlns">http://www.w3.org/2001/XMLSchema</value>
              <value name="ncName">anySimpleType</value>
            </record>
            <record javaclass="com.wm.util.Values">
              <value name="xmlns">http://www.w3.org/2001/XMLSchema</value>
              <value name="ncName">anyType</value>
            </record>
            <record javaclass="com.wm.util.Values">
              <value name="xmlns">http://www.w3.org/2001/XMLSchema</value>
              <value name="ncName">string</value>
            </record>
          </array>
          <record name="baseType" javaclass="com.wm.util.Values">
            <record name="whiteSpace" javaclass="com.wm.util.Values">
              <record name="FacetWSCValue" javaclass="com.wm.util.Values">
                <value name="cDecimalValue">3</value>
              </record>
              <value name="facetFixed">false</value>
            </record>
            <value name="contentType">1</value>
            <value name="internalType">instance</value>
            <value name="ct_class">com.wm.lang.schema.datatypev2.WmString</value>
            <value name="dataTypeVersion">dtVersion2</value>
          </record>
          <value name="dataTypeVersion">dtVersion2</value>
        </record>
        <value name="nillable">true</value>
        <value name="form_qualified">false</value>
        <value name="is_global">false</value>
      </record>
      <record javaclass="com.wm.util.Values">
        <value name="node_type">record</value>
        <value name="node_subtype">unknown</value>
        <value name="node_comment"></value>
        <record name="node_hints" javaclass="com.wm.util.Values">
          <value name="field_usereditable">true</value>
          <value name="field_largerEditor">false</value>
          <value name="field_password">false</value>
        </record>
        <value name="is_public">false</value>
        <value name="field_name">valueDate</value>
        <value name="field_type">string</value>
        <value name="field_dim">0</value>
        <array name="field_options" type="value" depth="1">
        </array>
        <record name="field_content_type" javaclass="com.wm.util.Values">
          <record name="length" javaclass="com.wm.util.Values">
            <record name="FLenCValue" javaclass="com.wm.util.Values">
              <value name="cDecimalValue">8</value>
            </record>
            <value name="facetFixed">false</value>
          </record>
          <record name="whiteSpace" javaclass="com.wm.util.Values">
            <record name="FacetWSCValue" javaclass="com.wm.util.Values">
              <value name="cDecimalValue">3</value>
            </record>
            <value name="facetFixed">false</value>
          </record>
          <value name="contentType">1</value>
          <value name="internalType">instance</value>
          <value name="ct_class">com.wm.lang.schema.datatypev2.WmString</value>
          <value name="name">string_customized</value>
          <array name="parent-ancestors" type="record" depth="1">
            <record javaclass="com.wm.util.Values">
              <value name="xmlns">http://www.w3.org/2001/XMLSchema</value>
              <value name="ncName">anySimpleType</value>
            </record>
            <record javaclass="com.wm.util.Values">
              <value name="xmlns">http://www.w3.org/2001/XMLSchema</value>
              <value name="ncName">anyType</value>
            </record>
            <record javaclass="com.wm.util.Values">
              <value name="xmlns">http://www.w3.org/2001/XMLSchema</value>
              <value name="ncName">string</value>
            </record>
          </array>
          <record name="baseType" javaclass="com.wm.util.Values">
            <record name="whiteSpace" javaclass="com.wm.util.Values">
              <record name="FacetWSCValue" javaclass="com.wm.util.Values">
                <value name="cDecimalValue">3</value>
              </record>
              <value name="facetFixed">false</value>
            </record>
            <value name="contentType">1</value>
            <value name="internalType">instance</value>
            <value name="ct_class">com.wm.lang.schema.datatypev2.WmString</value>
            <value name="dataTypeVersion">dtVersion2</value>
          </record>
          <value name="dataTypeVersion">dtVersion2</value>
        </record>
        <value name="nillable">true</value>
        <value name="form_qualified">false</value>
        <value name="is_global">false</value>
      </record>
      <record javaclass="com.wm.util.Values">
        <value name="node_type">record</value>
        <value name="node_subtype">unknown</value>
        <value name="node_comment"></value>
        <record name="node_hints" javaclass="com.wm.util.Values">
          <value name="field_usereditable">true</value>
          <value name="field_largerEditor">false</value>
          <value name="field_password">false</value>
        </record>
        <value name="is_public">false</value>
        <value name="field_name">amount</value>
        <value name="field_type">string</value>
        <value name="field_dim">0</value>
        <array name="field_options" type="value" depth="1">
        </array>
        <record name="field_content_type" javaclass="com.wm.util.Values">
          <record name="totalDigits" javaclass="com.wm.util.Values">
            <record name="FacetTDCValue" javaclass="com.wm.util.Values">
              <value name="cDecimalValue">17</value>
            </record>
            <value name="facetFixed">false</value>
          </record>
          <record name="fractionDigits" javaclass="com.wm.util.Values">
            <record name="FacetFDCValue" javaclass="com.wm.util.Values">
              <value name="cDecimalValue">3</value>
            </record>
            <value name="facetFixed">false</value>
          </record>
          <value name="contentType">1</value>
          <value name="internalType">instance</value>
          <value name="ct_class">com.wm.lang.schema.datatypev2.WmDecimal</value>
          <value name="name">decimal_customized</value>
          <array name="parent-ancestors" type="record" depth="1">
            <record javaclass="com.wm.util.Values">
              <value name="xmlns">http://www.w3.org/2001/XMLSchema</value>
              <value name="ncName">anySimpleType</value>
            </record>
            <record javaclass="com.wm.util.Values">
              <value name="xmlns">http://www.w3.org/2001/XMLSchema</value>
              <value name="ncName">anyType</value>
            </record>
            <record javaclass="com.wm.util.Values">
              <value name="xmlns">http://www.w3.org/2001/XMLSchema</value>
              <value name="ncName">decimal</value>
            </record>
          </array>
          <record name="baseType" javaclass="com.wm.util.Values">
            <record name="whiteSpace" javaclass="com.wm.util.Values">
              <record name="FacetWSCValue" javaclass="com.wm.util.Values">
                <value name="cDecimalValue">1</value>
              </record>
              <value name="facetFixed">true</value>
            </record>
            <value name="contentType">1</value>
            <value name="internalType">instance</value>
            <value name="ct_class">com.wm.lang.schema.datatypev2.WmDecimal</value>
            <value name="dataTypeVersion">dtVersion2</value>
          </record>
          <value name="dataTypeVersion">dtVersion2</value>
        </record>
        <value name="nillable">true</value>
        <value name="form_qualified">false</value>
        <value name="is_global">false</value>
      </record>
      <record javaclass="com.wm.util.Values">
        <value name="node_type">record</value>
        <value name="node_subtype">unknown</value>
        <value name="node_comment"></value>
        <record name="node_hints" javaclass="com.wm.util.Values">
          <value name="field_usereditable">true</value>
          <value name="field_largerEditor">false</value>
          <value name="field_password">false</value>
        </record>
        <value name="is_public">false</value>
        <value name="field_name">requestUUID</value>
        <value name="field_type">string</value>
        <value name="field_dim">0</value>
        <array name="field_options" type="value" depth="1">
        </array>
        <value name="nillable">true</value>
        <value name="form_qualified">false</value>
        <value name="is_global">false</value>
      </record>
      <record javaclass="com.wm.util.Values">
        <value name="node_type">unknown</value>
        <value name="node_subtype">unknown</value>
        <value name="is_public">false</value>
        <value name="field_name">configFileName</value>
        <value name="field_type">string</value>
        <value name="field_dim">0</value>
        <value name="nillable">true</value>
        <value name="form_qualified">false</value>
        <value name="is_global">false</value>
      </record>
      <record javaclass="com.wm.util.Values">
        <value name="node_type">record</value>
        <value name="node_subtype">unknown</value>
        <value name="is_public">false</value>
        <value name="field_name">sanctionLimitUpdateConfigs</value>
        <value name="field_type">recref</value>
        <value name="field_dim">0</value>
        <value name="nillable">true</value>
        <value name="form_qualified">false</value>
        <value name="is_global">false</value>
        <value name="modifiable">true</value>
        <value name="rec_ref">RetailAssetsSIDBI.docs:sanctionLimitUpdateConfigs</value>
      </record>
      <record javaclass="com.wm.util.Values">
        <value name="node_type">unknown</value>
        <value name="node_subtype">unknown</value>
        <value name="is_public">false</value>
        <value name="field_name">UUID</value>
        <value name="field_type">string</value>
        <value name="field_dim">0</value>
        <value name="nillable">true</value>
        <value name="form_qualified">false</value>
        <value name="is_global">false</value>
      </record>
    </array>
    <value name="modifiable">true</value>
  </record>
</Values>
</MAPTARGET>
  <MAPSOURCE>

<Values version="2.0">
  <record name="xml" javaclass="com.wm.util.Values">
    <value name="node_type">record</value>
    <value name="node_subtype">unknown</value>
    <value name="is_public">false</value>
    <value name="field_type">record</value>
    <value name="field_dim">0</value>
    <value name="nillable">true</value>
    <value name="form_qualified">false</value>
    <value name="is_global">false</value>
    <array name="rec_fields" type="record" depth="1">
      <record javaclass="com.wm.util.Values">
        <value name="node_type">record</value>
        <value name="node_subtype">unknown</value>
        <value name="node_comment"></value>
        <record name="node_hints" javaclass="com.wm.util.Values">
          <value name="field_usereditable">true</value>
          <value name="field_largerEditor">false</value>
          <value name="field_password">false</value>
        </record>
        <value name="is_public">false</value>
        <value name="field_name">bankAccountNum</value>
        <value name="field_type">string</value>
        <value name="field_dim">0</value>
        <array name="field_options" type="value" depth="1">
        </array>
        <record name="field_content_type" javaclass="com.wm.util.Values">
          <record name="length" javaclass="com.wm.util.Values">
            <record name="FLenCValue" javaclass="com.wm.util.Values">
              <value name="cDecimalValue">16</value>
            </record>
            <value name="facetFixed">false</value>
          </record>
          <record name="whiteSpace" javaclass="com.wm.util.Values">
            <record name="FacetWSCValue" javaclass="com.wm.util.Values">
              <value name="cDecimalValue">3</value>
            </record>
            <value name="facetFixed">false</value>
          </record>
          <value name="contentType">1</value>
          <value name="internalType">instance</value>
          <value name="ct_class">com.wm.lang.schema.datatypev2.WmString</value>
          <value name="name">string_customized</value>
          <array name="parent-ancestors" type="record" depth="1">
            <record javaclass="com.wm.util.Values">
              <value name="xmlns">http://www.w3.org/2001/XMLSchema</value>
              <value name="ncName">anySimpleType</value>
            </record>
            <record javaclass="com.wm.util.Values">
              <value name="xmlns">http://www.w3.org/2001/XMLSchema</value>
              <value name="ncName">anyType</value>
            </record>
            <record javaclass="com.wm.util.Values">
              <value name="xmlns">http://www.w3.org/2001/XMLSchema</value>
              <value name="ncName">string</value>
            </record>
          </array>
          <record name="baseType" javaclass="com.wm.util.Values">
            <record name="whiteSpace" javaclass="com.wm.util.Values">
              <record name="FacetWSCValue" javaclass="com.wm.util.Values">
                <value name="cDecimalValue">3</value>
              </record>
              <value name="facetFixed">false</value>
            </record>
            <value name="contentType">1</value>
            <value name="internalType">instance</value>
            <value name="ct_class">com.wm.lang.schema.datatypev2.WmString</value>
            <value name="dataTypeVersion">dtVersion2</value>
          </record>
          <value name="dataTypeVersion">dtVersion2</value>
        </record>
        <value name="nillable">true</value>
        <value name="form_qualified">false</value>
        <value name="is_global">false</value>
      </record>
      <record javaclass="com.wm.util.Values">
        <value name="node_type">record</value>
        <value name="node_subtype">unknown</value>
        <value name="node_comment"></value>
        <record name="node_hints" javaclass="com.wm.util.Values">
          <value name="field_usereditable">true</value>
          <value name="field_largerEditor">false</value>
          <value name="field_password">false</value>
        </record>
        <value name="is_public">false</value>
        <value name="field_name">valueDate</value>
        <value name="field_type">string</value>
        <value name="field_dim">0</value>
        <array name="field_options" type="value" depth="1">
        </array>
        <record name="field_content_type" javaclass="com.wm.util.Values">
          <record name="length" javaclass="com.wm.util.Values">
            <record name="FLenCValue" javaclass="com.wm.util.Values">
              <value name="cDecimalValue">8</value>
            </record>
            <value name="facetFixed">false</value>
          </record>
          <record name="whiteSpace" javaclass="com.wm.util.Values">
            <record name="FacetWSCValue" javaclass="com.wm.util.Values">
              <value name="cDecimalValue">3</value>
            </record>
            <value name="facetFixed">false</value>
          </record>
          <value name="contentType">1</value>
          <value name="internalType">instance</value>
          <value name="ct_class">com.wm.lang.schema.datatypev2.WmString</value>
          <value name="name">string_customized</value>
          <array name="parent-ancestors" type="record" depth="1">
            <record javaclass="com.wm.util.Values">
              <value name="xmlns">http://www.w3.org/2001/XMLSchema</value>
              <value name="ncName">anySimpleType</value>
            </record>
            <record javaclass="com.wm.util.Values">
              <value name="xmlns">http://www.w3.org/2001/XMLSchema</value>
              <value name="ncName">anyType</value>
            </record>
            <record javaclass="com.wm.util.Values">
              <value name="xmlns">http://www.w3.org/2001/XMLSchema</value>
              <value name="ncName">string</value>
            </record>
          </array>
          <record name="baseType" javaclass="com.wm.util.Values">
            <record name="whiteSpace" javaclass="com.wm.util.Values">
              <record name="FacetWSCValue" javaclass="com.wm.util.Values">
                <value name="cDecimalValue">3</value>
              </record>
              <value name="facetFixed">false</value>
            </record>
            <value name="contentType">1</value>
            <value name="internalType">instance</value>
            <value name="ct_class">com.wm.lang.schema.datatypev2.WmString</value>
            <value name="dataTypeVersion">dtVersion2</value>
          </record>
          <value name="dataTypeVersion">dtVersion2</value>
        </record>
        <value name="nillable">true</value>
        <value name="form_qualified">false</value>
        <value name="is_global">false</value>
      </record>
      <record javaclass="com.wm.util.Values">
        <value name="node_type">record</value>
        <value name="node_subtype">unknown</value>
        <value name="node_comment"></value>
        <record name="node_hints" javaclass="com.wm.util.Values">
          <value name="field_usereditable">true</value>
          <value name="field_largerEditor">false</value>
          <value name="field_password">false</value>
        </record>
        <value name="is_public">false</value>
        <value name="field_name">amount</value>
        <value name="field_type">string</value>
        <value name="field_dim">0</value>
        <array name="field_options" type="value" depth="1">
        </array>
        <record name="field_content_type" javaclass="com.wm.util.Values">
          <record name="totalDigits" javaclass="com.wm.util.Values">
            <record name="FacetTDCValue" javaclass="com.wm.util.Values">
              <value name="cDecimalValue">17</value>
            </record>
            <value name="facetFixed">false</value>
          </record>
          <record name="fractionDigits" javaclass="com.wm.util.Values">
            <record name="FacetFDCValue" javaclass="com.wm.util.Values">
              <value name="cDecimalValue">3</value>
            </record>
            <value name="facetFixed">false</value>
          </record>
          <value name="contentType">1</value>
          <value name="internalType">instance</value>
          <value name="ct_class">com.wm.lang.schema.datatypev2.WmDecimal</value>
          <value name="name">decimal_customized</value>
          <array name="parent-ancestors" type="record" depth="1">
            <record javaclass="com.wm.util.Values">
              <value name="xmlns">http://www.w3.org/2001/XMLSchema</value>
              <value name="ncName">anySimpleType</value>
            </record>
            <record javaclass="com.wm.util.Values">
              <value name="xmlns">http://www.w3.org/2001/XMLSchema</value>
              <value name="ncName">anyType</value>
            </record>
            <record javaclass="com.wm.util.Values">
              <value name="xmlns">http://www.w3.org/2001/XMLSchema</value>
              <value name="ncName">decimal</value>
            </record>
          </array>
          <record name="baseType" javaclass="com.wm.util.Values">
            <record name="whiteSpace" javaclass="com.wm.util.Values">
              <record name="FacetWSCValue" javaclass="com.wm.util.Values">
                <value name="cDecimalValue">1</value>
              </record>
              <value name="facetFixed">true</value>
            </record>
            <value name="contentType">1</value>
            <value name="internalType">instance</value>
            <value name="ct_class">com.wm.lang.schema.datatypev2.WmDecimal</value>
            <value name="dataTypeVersion">dtVersion2</value>
          </record>
          <value name="dataTypeVersion">dtVersion2</value>
        </record>
        <value name="nillable">true</value>
        <value name="form_qualified">false</value>
        <value name="is_global">false</value>
      </record>
      <record javaclass="com.wm.util.Values">
        <value name="node_type">record</value>
        <value name="node_subtype">unknown</value>
        <value name="node_comment"></value>
        <record name="node_hints" javaclass="com.wm.util.Values">
          <value name="field_usereditable">true</value>
          <value name="field_largerEditor">false</value>
          <value name="field_password">false</value>
        </record>
        <value name="is_public">false</value>
        <value name="field_name">requestUUID</value>
        <value name="field_type">string</value>
        <value name="field_dim">0</value>
        <array name="field_options" type="value" depth="1">
        </array>
        <value name="nillable">true</value>
        <value name="form_qualified">false</value>
        <value name="is_global">false</value>
      </record>
      <record javaclass="com.wm.util.Values">
        <value name="node_type">unknown</value>
        <value name="node_subtype">unknown</value>
        <value name="is_public">false</value>
        <value name="field_name">configFileName</value>
        <value name="field_type">string</value>
        <value name="field_dim">0</value>
        <value name="nillable">true</value>
        <value name="form_qualified">false</value>
        <value name="is_global">false</value>
      </record>
      <record javaclass="com.wm.util.Values">
        <value name="node_type">record</value>
        <value name="node_subtype">unknown</value>
        <value name="is_public">false</value>
        <value name="field_name">Headers</value>
        <value name="field_type">record</value>
        <value name="field_dim">0</value>
        <value name="nillable">true</value>
        <value name="form_qualified">false</value>
        <value name="is_global">false</value>
        <array name="rec_fields" type="record" depth="1">
        </array>
        <value name="modifiable">true</value>
      </record>
      <record javaclass="com.wm.util.Values">
        <value name="node_type">record</value>
        <value name="node_subtype">unknown</value>
        <value name="is_public">false</value>
        <value name="field_name">reqInfo</value>
        <value name="field_type">recref</value>
        <value name="field_dim">0</value>
        <value name="nillable">true</value>
        <value name="form_qualified">false</value>
        <value name="is_global">false</value>
        <value name="modifiable">true</value>
        <value name="rec_ref">CommonUtils.docs:requestMetadataDoc</value>
      </record>
    </array>
    <value name="modifiable">true</value>
  </record>
</Values>
</MAPSOURCE>

  <!-- nodes -->

<MAPDELETE FIELD="/Headers;2;0">
</MAPDELETE>

<MAPINVOKE SERVICE="WxConfigManager.services.packageConfigs:fetchConfigs" VALIDATE-IN="$none" VALIDATE-OUT="$none" INVOKE-ORDER="0">

  <!-- nodes -->

<MAP MODE="INVOKEINPUT">

  <!-- nodes -->

<MAPCOPY FROM="/configFileName;1;0" TO="/configFileName;1;0">
</MAPCOPY>

<MAPSET NAME="Setter" OVERWRITE="true" VARIABLES="false" GLOBALVARIABLES="false" FIELD="/keyList;1;1">
  <DATA ENCODING="XMLValues" I18N="true">

<Values version="2.0">
  <array name="xml" type="value" depth="1">
    <value>retailAssets.sanctionLimitUpdate.recordFlag</value>
    <value>retailAssets.sanctionLimitUpdate.serialNumber</value>
    <value>retailAssets.sanctionLimitUpdate.currencyCode</value>
    <value>retailAssets.sanctionLimitUpdate.limitLevelIntFlag</value>
    <value>retailAssets.sanctionLimitUpdate.supersedeFlag</value>
    <value>retailAssets.sanctionLimitUpdate.expiryDate</value>
    <value>retailAssets.sanctionLimitUpdate.sanctionLevelCode</value>
    <value>retailAssets.sanctionLimitUpdate.sanctionAuthCode</value>
    <value>retailAssets.sanctionLimitUpdate.sanctionRefNum</value>
    <value>retailAssets.sanctionLimitUpdate.status</value>
    <value>retailAssets.sanctionLimitUpdate.serviceRequestVersion</value>
    <value>retailAssets.sanctionLimitUpdate.channelId</value>
    <value>retailAssets.sanctionLimitUpdate.bankId</value>
    <value>retailAssets.sanctionLimitUpdate.timeZone</value>
  </array>
  <record name="type" javaclass="com.wm.util.Values">
    <value name="node_type">record</value>
    <value name="node_subtype">unknown</value>
    <value name="node_comment"></value>
    <record name="node_hints" javaclass="com.wm.util.Values">
      <value name="field_largerEditor">false</value>
      <value name="field_password">false</value>
    </record>
    <value name="is_public">false</value>
    <value name="field_name">keyList</value>
    <value name="field_type">string</value>
    <value name="field_dim">1</value>
    <value name="nillable">true</value>
    <value name="form_qualified">false</value>
    <value name="is_global">false</value>
    <value name="is_soap_array_encoding_used">false</value>
  </record>
</Values>
</DATA>
</MAPSET>
</MAP>

<MAP MODE="INVOKEOUTPUT">

  <!-- nodes -->

<MAPCOPY FROM="/valueList[0];1;1" TO="/sanctionLimitUpdateConfigs;4;0;RetailAssetsSIDBI.docs:sanctionLimitUpdateConfigs/sanctionLimitUpdate.recordFlag;1;0">
</MAPCOPY>

<MAPCOPY FROM="/valueList[1];1;1" TO="/sanctionLimitUpdateConfigs;4;0;RetailAssetsSIDBI.docs:sanctionLimitUpdateConfigs/sanctionLimitUpdate.serialNumber;1;0">
</MAPCOPY>

<MAPCOPY FROM="/valueList[2];1;1" TO="/sanctionLimitUpdateConfigs;4;0;RetailAssetsSIDBI.docs:sanctionLimitUpdateConfigs/sanctionLimitUpdate.currencyCode;1;0">
</MAPCOPY>

<MAPCOPY FROM="/valueList[3];1;1" TO="/sanctionLimitUpdateConfigs;4;0;RetailAssetsSIDBI.docs:sanctionLimitUpdateConfigs/sanctionLimitUpdate.limitLevelIntFlag;1;0">
</MAPCOPY>

<MAPCOPY FROM="/valueList[4];1;1" TO="/sanctionLimitUpdateConfigs;4;0;RetailAssetsSIDBI.docs:sanctionLimitUpdateConfigs/sanctionLimitUpdate.supersedeFlag;1;0">
</MAPCOPY>

<MAPCOPY FROM="/valueList[5];1;1" TO="/sanctionLimitUpdateConfigs;4;0;RetailAssetsSIDBI.docs:sanctionLimitUpdateConfigs/sanctionLimitUpdate.expiryDate;1;0">
</MAPCOPY>

<MAPCOPY FROM="/valueList[6];1;1" TO="/sanctionLimitUpdateConfigs;4;0;RetailAssetsSIDBI.docs:sanctionLimitUpdateConfigs/sanctionLimitUpdate.sanctionLevelCode;1;0">
</MAPCOPY>

<MAPCOPY FROM="/valueList[7];1;1" TO="/sanctionLimitUpdateConfigs;4;0;RetailAssetsSIDBI.docs:sanctionLimitUpdateConfigs/sanctionLimitUpdate.sanctionAuthCode;1;0">
</MAPCOPY>

<MAPCOPY FROM="/valueList[8];1;1" TO="/sanctionLimitUpdateConfigs;4;0;RetailAssetsSIDBI.docs:sanctionLimitUpdateConfigs/sanctionLimitUpdate.sanctionRefNum;1;0">
</MAPCOPY>

<MAPCOPY FROM="/valueList[9];1;1" TO="/sanctionLimitUpdateConfigs;4;0;RetailAssetsSIDBI.docs:sanctionLimitUpdateConfigs/sanctionLimitUpdate.status;1;0">
</MAPCOPY>

<MAPCOPY FROM="/valueList[10];1;1" TO="/sanctionLimitUpdateConfigs;4;0;RetailAssetsSIDBI.docs:sanctionLimitUpdateConfigs/sanctionLimitUpdate.serviceRequestVersion;1;0">
</MAPCOPY>

<MAPCOPY FROM="/valueList[11];1;1" TO="/sanctionLimitUpdateConfigs;4;0;RetailAssetsSIDBI.docs:sanctionLimitUpdateConfigs/sanctionLimitUpdate.channelId;1;0">
</MAPCOPY>

<MAPCOPY FROM="/valueList[12];1;1" TO="/sanctionLimitUpdateConfigs;4;0;RetailAssetsSIDBI.docs:sanctionLimitUpdateConfigs/sanctionLimitUpdate.bankId;1;0">
</MAPCOPY>

<MAPCOPY FROM="/valueList[13];1;1" TO="/sanctionLimitUpdateConfigs;4;0;RetailAssetsSIDBI.docs:sanctionLimitUpdateConfigs/sanctionLimitUpdate.timeZone;1;0">
</MAPCOPY>
</MAP>
</MAPINVOKE>

<MAPCOPY FROM="/reqInfo;4;0;CommonUtils.docs:requestMetadataDoc/transactionId;1;0" TO="/UUID;1;0" CONDITION="%Headers/TransactionId%==$null">
</MAPCOPY>

<MAPDELETE FIELD="/reqInfo;4;0;CommonUtils.docs:requestMetadataDoc">
</MAPDELETE>
</MAP>

<MAP TIMEOUT="" MODE="STANDALONE">
  <COMMENT>--Mapping to FIXML Doc--</COMMENT>
  <MAPTARGET>

<Values version="2.0">
  <record name="xml" javaclass="com.wm.util.Values">
    <value name="node_type">record</value>
    <value name="node_subtype">unknown</value>
    <value name="is_public">false</value>
    <value name="field_type">record</value>
    <value name="field_dim">0</value>
    <value name="nillable">true</value>
    <value name="form_qualified">false</value>
    <value name="is_global">false</value>
    <array name="rec_fields" type="record" depth="1">
      <record javaclass="com.wm.util.Values">
        <value name="node_type">record</value>
        <value name="node_subtype">unknown</value>
        <value name="is_public">false</value>
        <value name="field_name">sanctionLimitCBSReq</value>
        <value name="field_type">recref</value>
        <value name="field_dim">0</value>
        <value name="nillable">true</value>
        <value name="form_qualified">false</value>
        <value name="is_global">false</value>
        <value name="modifiable">true</value>
        <value name="rec_ref">RetailAssetsSIDBI.docs:sanctionLimitUpdateReqCBS</value>
      </record>
    </array>
    <value name="modifiable">true</value>
  </record>
</Values>
</MAPTARGET>
  <MAPSOURCE>

<Values version="2.0">
  <record name="xml" javaclass="com.wm.util.Values">
    <value name="node_type">record</value>
    <value name="node_subtype">unknown</value>
    <value name="is_public">false</value>
    <value name="field_type">record</value>
    <value name="field_dim">0</value>
    <value name="nillable">true</value>
    <value name="form_qualified">false</value>
    <value name="is_global">false</value>
    <array name="rec_fields" type="record" depth="1">
      <record javaclass="com.wm.util.Values">
        <value name="node_type">record</value>
        <value name="node_subtype">unknown</value>
        <value name="node_comment"></value>
        <record name="node_hints" javaclass="com.wm.util.Values">
          <value name="field_usereditable">true</value>
          <value name="field_largerEditor">false</value>
          <value name="field_password">false</value>
        </record>
        <value name="is_public">false</value>
        <value name="field_name">bankAccountNum</value>
        <value name="field_type">string</value>
        <value name="field_dim">0</value>
        <array name="field_options" type="value" depth="1">
        </array>
        <record name="field_content_type" javaclass="com.wm.util.Values">
          <record name="length" javaclass="com.wm.util.Values">
            <record name="FLenCValue" javaclass="com.wm.util.Values">
              <value name="cDecimalValue">16</value>
            </record>
            <value name="facetFixed">false</value>
          </record>
          <record name="whiteSpace" javaclass="com.wm.util.Values">
            <record name="FacetWSCValue" javaclass="com.wm.util.Values">
              <value name="cDecimalValue">3</value>
            </record>
            <value name="facetFixed">false</value>
          </record>
          <value name="contentType">1</value>
          <value name="internalType">instance</value>
          <value name="ct_class">com.wm.lang.schema.datatypev2.WmString</value>
          <value name="name">string_customized</value>
          <array name="parent-ancestors" type="record" depth="1">
            <record javaclass="com.wm.util.Values">
              <value name="xmlns">http://www.w3.org/2001/XMLSchema</value>
              <value name="ncName">anySimpleType</value>
            </record>
            <record javaclass="com.wm.util.Values">
              <value name="xmlns">http://www.w3.org/2001/XMLSchema</value>
              <value name="ncName">anyType</value>
            </record>
            <record javaclass="com.wm.util.Values">
              <value name="xmlns">http://www.w3.org/2001/XMLSchema</value>
              <value name="ncName">string</value>
            </record>
          </array>
          <record name="baseType" javaclass="com.wm.util.Values">
            <record name="whiteSpace" javaclass="com.wm.util.Values">
              <record name="FacetWSCValue" javaclass="com.wm.util.Values">
                <value name="cDecimalValue">3</value>
              </record>
              <value name="facetFixed">false</value>
            </record>
            <value name="contentType">1</value>
            <value name="internalType">instance</value>
            <value name="ct_class">com.wm.lang.schema.datatypev2.WmString</value>
            <value name="dataTypeVersion">dtVersion2</value>
          </record>
          <value name="dataTypeVersion">dtVersion2</value>
        </record>
        <value name="nillable">true</value>
        <value name="form_qualified">false</value>
        <value name="is_global">false</value>
      </record>
      <record javaclass="com.wm.util.Values">
        <value name="node_type">record</value>
        <value name="node_subtype">unknown</value>
        <value name="node_comment"></value>
        <record name="node_hints" javaclass="com.wm.util.Values">
          <value name="field_usereditable">true</value>
          <value name="field_largerEditor">false</value>
          <value name="field_password">false</value>
        </record>
        <value name="is_public">false</value>
        <value name="field_name">valueDate</value>
        <value name="field_type">string</value>
        <value name="field_dim">0</value>
        <array name="field_options" type="value" depth="1">
        </array>
        <record name="field_content_type" javaclass="com.wm.util.Values">
          <record name="length" javaclass="com.wm.util.Values">
            <record name="FLenCValue" javaclass="com.wm.util.Values">
              <value name="cDecimalValue">8</value>
            </record>
            <value name="facetFixed">false</value>
          </record>
          <record name="whiteSpace" javaclass="com.wm.util.Values">
            <record name="FacetWSCValue" javaclass="com.wm.util.Values">
              <value name="cDecimalValue">3</value>
            </record>
            <value name="facetFixed">false</value>
          </record>
          <value name="contentType">1</value>
          <value name="internalType">instance</value>
          <value name="ct_class">com.wm.lang.schema.datatypev2.WmString</value>
          <value name="name">string_customized</value>
          <array name="parent-ancestors" type="record" depth="1">
            <record javaclass="com.wm.util.Values">
              <value name="xmlns">http://www.w3.org/2001/XMLSchema</value>
              <value name="ncName">anySimpleType</value>
            </record>
            <record javaclass="com.wm.util.Values">
              <value name="xmlns">http://www.w3.org/2001/XMLSchema</value>
              <value name="ncName">anyType</value>
            </record>
            <record javaclass="com.wm.util.Values">
              <value name="xmlns">http://www.w3.org/2001/XMLSchema</value>
              <value name="ncName">string</value>
            </record>
          </array>
          <record name="baseType" javaclass="com.wm.util.Values">
            <record name="whiteSpace" javaclass="com.wm.util.Values">
              <record name="FacetWSCValue" javaclass="com.wm.util.Values">
                <value name="cDecimalValue">3</value>
              </record>
              <value name="facetFixed">false</value>
            </record>
            <value name="contentType">1</value>
            <value name="internalType">instance</value>
            <value name="ct_class">com.wm.lang.schema.datatypev2.WmString</value>
            <value name="dataTypeVersion">dtVersion2</value>
          </record>
          <value name="dataTypeVersion">dtVersion2</value>
        </record>
        <value name="nillable">true</value>
        <value name="form_qualified">false</value>
        <value name="is_global">false</value>
      </record>
      <record javaclass="com.wm.util.Values">
        <value name="node_type">record</value>
        <value name="node_subtype">unknown</value>
        <value name="node_comment"></value>
        <record name="node_hints" javaclass="com.wm.util.Values">
          <value name="field_usereditable">true</value>
          <value name="field_largerEditor">false</value>
          <value name="field_password">false</value>
        </record>
        <value name="is_public">false</value>
        <value name="field_name">amount</value>
        <value name="field_type">string</value>
        <value name="field_dim">0</value>
        <array name="field_options" type="value" depth="1">
        </array>
        <record name="field_content_type" javaclass="com.wm.util.Values">
          <record name="totalDigits" javaclass="com.wm.util.Values">
            <record name="FacetTDCValue" javaclass="com.wm.util.Values">
              <value name="cDecimalValue">17</value>
            </record>
            <value name="facetFixed">false</value>
          </record>
          <record name="fractionDigits" javaclass="com.wm.util.Values">
            <record name="FacetFDCValue" javaclass="com.wm.util.Values">
              <value name="cDecimalValue">3</value>
            </record>
            <value name="facetFixed">false</value>
          </record>
          <value name="contentType">1</value>
          <value name="internalType">instance</value>
          <value name="ct_class">com.wm.lang.schema.datatypev2.WmDecimal</value>
          <value name="name">decimal_customized</value>
          <array name="parent-ancestors" type="record" depth="1">
            <record javaclass="com.wm.util.Values">
              <value name="xmlns">http://www.w3.org/2001/XMLSchema</value>
              <value name="ncName">anySimpleType</value>
            </record>
            <record javaclass="com.wm.util.Values">
              <value name="xmlns">http://www.w3.org/2001/XMLSchema</value>
              <value name="ncName">anyType</value>
            </record>
            <record javaclass="com.wm.util.Values">
              <value name="xmlns">http://www.w3.org/2001/XMLSchema</value>
              <value name="ncName">decimal</value>
            </record>
          </array>
          <record name="baseType" javaclass="com.wm.util.Values">
            <record name="whiteSpace" javaclass="com.wm.util.Values">
              <record name="FacetWSCValue" javaclass="com.wm.util.Values">
                <value name="cDecimalValue">1</value>
              </record>
              <value name="facetFixed">true</value>
            </record>
            <value name="contentType">1</value>
            <value name="internalType">instance</value>
            <value name="ct_class">com.wm.lang.schema.datatypev2.WmDecimal</value>
            <value name="dataTypeVersion">dtVersion2</value>
          </record>
          <value name="dataTypeVersion">dtVersion2</value>
        </record>
        <value name="nillable">true</value>
        <value name="form_qualified">false</value>
        <value name="is_global">false</value>
      </record>
      <record javaclass="com.wm.util.Values">
        <value name="node_type">record</value>
        <value name="node_subtype">unknown</value>
        <value name="node_comment"></value>
        <record name="node_hints" javaclass="com.wm.util.Values">
          <value name="field_usereditable">true</value>
          <value name="field_largerEditor">false</value>
          <value name="field_password">false</value>
        </record>
        <value name="is_public">false</value>
        <value name="field_name">requestUUID</value>
        <value name="field_type">string</value>
        <value name="field_dim">0</value>
        <array name="field_options" type="value" depth="1">
        </array>
        <value name="nillable">true</value>
        <value name="form_qualified">false</value>
        <value name="is_global">false</value>
      </record>
      <record javaclass="com.wm.util.Values">
        <value name="node_type">unknown</value>
        <value name="node_subtype">unknown</value>
        <value name="is_public">false</value>
        <value name="field_name">configFileName</value>
        <value name="field_type">string</value>
        <value name="field_dim">0</value>
        <value name="nillable">true</value>
        <value name="form_qualified">false</value>
        <value name="is_global">false</value>
      </record>
      <record javaclass="com.wm.util.Values">
        <value name="node_type">record</value>
        <value name="node_subtype">unknown</value>
        <value name="is_public">false</value>
        <value name="field_name">sanctionLimitUpdateConfigs</value>
        <value name="field_type">recref</value>
        <value name="field_dim">0</value>
        <value name="nillable">true</value>
        <value name="form_qualified">false</value>
        <value name="is_global">false</value>
        <value name="modifiable">true</value>
        <value name="rec_ref">RetailAssetsSIDBI.docs:sanctionLimitUpdateConfigs</value>
      </record>
      <record javaclass="com.wm.util.Values">
        <value name="node_type">unknown</value>
        <value name="node_subtype">unknown</value>
        <value name="is_public">false</value>
        <value name="field_name">UUID</value>
        <value name="field_type">string</value>
        <value name="field_dim">0</value>
        <value name="nillable">true</value>
        <value name="form_qualified">false</value>
        <value name="is_global">false</value>
      </record>
    </array>
    <value name="modifiable">true</value>
  </record>
</Values>
</MAPSOURCE>

  <!-- nodes -->

<MAPDELETE FIELD="/UUID;1;0">
</MAPDELETE>

<MAPCOPY FROM="/requestUUID;1;0" TO="/sanctionLimitCBSReq;4;0;RetailAssetsSIDBI.docs:sanctionLimitUpdateReqCBS/FIXML;2;0/Header;2;0/RequestHeader;2;0/MessageKey;2;0/RequestUUID;1;0">
</MAPCOPY>

<MAPCOPY FROM="/sanctionLimitUpdateConfigs;4;0;RetailAssetsSIDBI.docs:sanctionLimitUpdateConfigs/sanctionLimitUpdate.serviceRequestVersion;1;0" TO="/sanctionLimitCBSReq;4;0;RetailAssetsSIDBI.docs:sanctionLimitUpdateReqCBS/FIXML;2;0/Header;2;0/RequestHeader;2;0/MessageKey;2;0/ServiceRequestVersion;1;0">
</MAPCOPY>

<MAPCOPY FROM="/sanctionLimitUpdateConfigs;4;0;RetailAssetsSIDBI.docs:sanctionLimitUpdateConfigs/sanctionLimitUpdate.channelId;1;0" TO="/sanctionLimitCBSReq;4;0;RetailAssetsSIDBI.docs:sanctionLimitUpdateReqCBS/FIXML;2;0/Header;2;0/RequestHeader;2;0/MessageKey;2;0/ChannelId;1;0">
</MAPCOPY>

<MAPCOPY FROM="/sanctionLimitUpdateConfigs;4;0;RetailAssetsSIDBI.docs:sanctionLimitUpdateConfigs/sanctionLimitUpdate.bankId;1;0" TO="/sanctionLimitCBSReq;4;0;RetailAssetsSIDBI.docs:sanctionLimitUpdateReqCBS/FIXML;2;0/Header;2;0/RequestHeader;2;0/RequestMessageInfo;2;0/BankId;1;0">
</MAPCOPY>

<MAPCOPY FROM="/sanctionLimitUpdateConfigs;4;0;RetailAssetsSIDBI.docs:sanctionLimitUpdateConfigs/sanctionLimitUpdate.timeZone;1;0" TO="/sanctionLimitCBSReq;4;0;RetailAssetsSIDBI.docs:sanctionLimitUpdateReqCBS/FIXML;2;0/Header;2;0/RequestHeader;2;0/RequestMessageInfo;2;0/TimeZone;1;0">
</MAPCOPY>

<MAPCOPY FROM="/bankAccountNum;1;0" TO="/sanctionLimitCBSReq;4;0;RetailAssetsSIDBI.docs:sanctionLimitUpdateReqCBS/FIXML;2;0/Body;2;0/SanctionLimitModRequest;2;0/SanctionLimitModRq;2;0/AcctId;1;0">
</MAPCOPY>

<MAPCOPY FROM="/sanctionLimitUpdateConfigs;4;0;RetailAssetsSIDBI.docs:sanctionLimitUpdateConfigs/sanctionLimitUpdate.recordFlag;1;0" TO="/sanctionLimitCBSReq;4;0;RetailAssetsSIDBI.docs:sanctionLimitUpdateReqCBS/FIXML;2;0/Body;2;0/SanctionLimitModRequest;2;0/SanctionLimitModRq;2;0/SanctionLimitRec;2;0/RecordFlg;1;0">
</MAPCOPY>

<MAPCOPY FROM="/sanctionLimitUpdateConfigs;4;0;RetailAssetsSIDBI.docs:sanctionLimitUpdateConfigs/sanctionLimitUpdate.serialNumber;1;0" TO="/sanctionLimitCBSReq;4;0;RetailAssetsSIDBI.docs:sanctionLimitUpdateReqCBS/FIXML;2;0/Body;2;0/SanctionLimitModRequest;2;0/SanctionLimitModRq;2;0/SanctionLimitRec;2;0/SerialNum;1;0">
</MAPCOPY>

<MAPCOPY FROM="/valueDate;1;0" TO="/sanctionLimitCBSReq;4;0;RetailAssetsSIDBI.docs:sanctionLimitUpdateReqCBS/FIXML;2;0/Body;2;0/SanctionLimitModRequest;2;0/SanctionLimitModRq;2;0/SanctionLimitRec;2;0/ApplicableDt;1;0">
</MAPCOPY>

<MAPCOPY FROM="/amount;1;0" TO="/sanctionLimitCBSReq;4;0;RetailAssetsSIDBI.docs:sanctionLimitUpdateReqCBS/FIXML;2;0/Body;2;0/SanctionLimitModRequest;2;0/SanctionLimitModRq;2;0/SanctionLimitRec;2;0/SanctionLimit;2;0/amountValue;1;0">
</MAPCOPY>

<MAPCOPY FROM="/sanctionLimitUpdateConfigs;4;0;RetailAssetsSIDBI.docs:sanctionLimitUpdateConfigs/sanctionLimitUpdate.currencyCode;1;0" TO="/sanctionLimitCBSReq;4;0;RetailAssetsSIDBI.docs:sanctionLimitUpdateReqCBS/FIXML;2;0/Body;2;0/SanctionLimitModRequest;2;0/SanctionLimitModRq;2;0/SanctionLimitRec;2;0/SanctionLimit;2;0/currencyCode;1;0">
</MAPCOPY>

<MAPCOPY FROM="/sanctionLimitUpdateConfigs;4;0;RetailAssetsSIDBI.docs:sanctionLimitUpdateConfigs/sanctionLimitUpdate.limitLevelIntFlag;1;0" TO="/sanctionLimitCBSReq;4;0;RetailAssetsSIDBI.docs:sanctionLimitUpdateReqCBS/FIXML;2;0/Body;2;0/SanctionLimitModRequest;2;0/SanctionLimitModRq;2;0/SanctionLimitRec;2;0/LimitLevelIntFlg;1;0">
</MAPCOPY>

<MAPCOPY FROM="/sanctionLimitUpdateConfigs;4;0;RetailAssetsSIDBI.docs:sanctionLimitUpdateConfigs/sanctionLimitUpdate.supersedeFlag;1;0" TO="/sanctionLimitCBSReq;4;0;RetailAssetsSIDBI.docs:sanctionLimitUpdateReqCBS/FIXML;2;0/Body;2;0/SanctionLimitModRequest;2;0/SanctionLimitModRq;2;0/SanctionLimitRec;2;0/SupersedeFlg;1;0">
</MAPCOPY>

<MAPCOPY FROM="/sanctionLimitUpdateConfigs;4;0;RetailAssetsSIDBI.docs:sanctionLimitUpdateConfigs/sanctionLimitUpdate.expiryDate;1;0" TO="/sanctionLimitCBSReq;4;0;RetailAssetsSIDBI.docs:sanctionLimitUpdateReqCBS/FIXML;2;0/Body;2;0/SanctionLimitModRequest;2;0/SanctionLimitModRq;2;0/SanctionLimitRec;2;0/ExpiryDt;1;0">
</MAPCOPY>

<MAPCOPY FROM="/sanctionLimitUpdateConfigs;4;0;RetailAssetsSIDBI.docs:sanctionLimitUpdateConfigs/sanctionLimitUpdate.sanctionLevelCode;1;0" TO="/sanctionLimitCBSReq;4;0;RetailAssetsSIDBI.docs:sanctionLimitUpdateReqCBS/FIXML;2;0/Body;2;0/SanctionLimitModRequest;2;0/SanctionLimitModRq;2;0/SanctionLimitRec;2;0/SanctionLevelCode;1;0">
</MAPCOPY>

<MAPCOPY FROM="/sanctionLimitUpdateConfigs;4;0;RetailAssetsSIDBI.docs:sanctionLimitUpdateConfigs/sanctionLimitUpdate.sanctionAuthCode;1;0" TO="/sanctionLimitCBSReq;4;0;RetailAssetsSIDBI.docs:sanctionLimitUpdateReqCBS/FIXML;2;0/Body;2;0/SanctionLimitModRequest;2;0/SanctionLimitModRq;2;0/SanctionLimitRec;2;0/SanctionAuthCode;1;0">
</MAPCOPY>

<MAPCOPY FROM="/sanctionLimitUpdateConfigs;4;0;RetailAssetsSIDBI.docs:sanctionLimitUpdateConfigs/sanctionLimitUpdate.sanctionRefNum;1;0" TO="/sanctionLimitCBSReq;4;0;RetailAssetsSIDBI.docs:sanctionLimitUpdateReqCBS/FIXML;2;0/Body;2;0/SanctionLimitModRequest;2;0/SanctionLimitModRq;2;0/SanctionLimitRec;2;0/SanctionRefNum;1;0">
</MAPCOPY>

<MAPCOPY FROM="/sanctionLimitUpdateConfigs;4;0;RetailAssetsSIDBI.docs:sanctionLimitUpdateConfigs/sanctionLimitUpdate.status;1;0" TO="/sanctionLimitCBSReq;4;0;RetailAssetsSIDBI.docs:sanctionLimitUpdateReqCBS/FIXML;2;0/Body;2;0/SanctionLimitModRequest;2;0/SanctionLimitModRq;2;0/SanctionLimitRec;2;0/Status;1;0">
</MAPCOPY>

<MAPCOPY FROM="/valueDate;1;0" TO="/sanctionLimitCBSReq;4;0;RetailAssetsSIDBI.docs:sanctionLimitUpdateReqCBS/FIXML;2;0/Body;2;0/SanctionLimitModRequest;2;0/SanctionLimitModRq;2;0/SanctionLimitRec;2;0/SanctionDt;1;0">
</MAPCOPY>

<MAPCOPY FROM="/valueDate;1;0" TO="/sanctionLimitCBSReq;4;0;RetailAssetsSIDBI.docs:sanctionLimitUpdateReqCBS/FIXML;2;0/Body;2;0/SanctionLimitModRequest;2;0/SanctionLimitModRq;2;0/SanctionLimitRec;2;0/DocumentDt;1;0">
</MAPCOPY>

<MAPSET NAME="Setter" OVERWRITE="true" VARIABLES="false" GLOBALVARIABLES="false" FIELD="/sanctionLimitCBSReq;4;0;RetailAssetsSIDBI.docs:sanctionLimitUpdateReqCBS/FIXML;2;0/@xmlns;1;0">
  <DATA ENCODING="XMLValues" I18N="true">

<Values version="2.0">
  <value name="xml">http://www.finacle.com/fixml</value>
  <record name="type" javaclass="com.wm.util.Values">
    <value name="node_type">record</value>
    <value name="node_subtype">unknown</value>
    <value name="node_comment"></value>
    <record name="node_hints" javaclass="com.wm.util.Values">
      <value name="field_usereditable">true</value>
      <value name="field_largerEditor">false</value>
      <value name="field_password">false</value>
    </record>
    <value name="is_public">false</value>
    <value name="field_name">@xmlns</value>
    <value name="field_type">string</value>
    <value name="field_dim">0</value>
    <array name="field_options" type="value" depth="1">
    </array>
    <value name="nillable">true</value>
    <value name="form_qualified">false</value>
    <value name="is_global">false</value>
  </record>
</Values>
</DATA>
</MAPSET>

<MAPSET NAME="Setter" OVERWRITE="true" VARIABLES="false" GLOBALVARIABLES="false" FIELD="/sanctionLimitCBSReq;4;0;RetailAssetsSIDBI.docs:sanctionLimitUpdateReqCBS/FIXML;2;0/@xmlns:xsi;1;0">
  <DATA ENCODING="XMLValues" I18N="true">

<Values version="2.0">
  <value name="xml">http://www.w3.org/2001/XMLSchema-instance</value>
  <record name="type" javaclass="com.wm.util.Values">
    <value name="node_type">record</value>
    <value name="node_subtype">unknown</value>
    <value name="node_comment"></value>
    <record name="node_hints" javaclass="com.wm.util.Values">
      <value name="field_usereditable">true</value>
      <value name="field_largerEditor">false</value>
      <value name="field_password">false</value>
    </record>
    <value name="is_public">false</value>
    <value name="field_name">@xmlns:xsi</value>
    <value name="field_type">string</value>
    <value name="field_dim">0</value>
    <array name="field_options" type="value" depth="1">
    </array>
    <value name="nillable">true</value>
    <value name="form_qualified">false</value>
    <value name="is_global">false</value>
  </record>
</Values>
</DATA>
</MAPSET>

<MAPSET NAME="Setter" OVERWRITE="true" VARIABLES="false" GLOBALVARIABLES="false" FIELD="/sanctionLimitCBSReq;4;0;RetailAssetsSIDBI.docs:sanctionLimitUpdateReqCBS/FIXML;2;0/@xsi:schemaLocation;1;0">
  <DATA ENCODING="XMLValues" I18N="true">

<Values version="2.0">
  <value name="xml">http://www.finacle.com/fixml SanctionLimitMod.xsd</value>
  <record name="type" javaclass="com.wm.util.Values">
    <value name="node_type">unknown</value>
    <value name="node_subtype">unknown</value>
    <value name="node_comment"></value>
    <record name="node_hints" javaclass="com.wm.util.Values">
      <value name="field_usereditable">true</value>
      <value name="field_largerEditor">false</value>
      <value name="field_password">false</value>
    </record>
    <value name="is_public">false</value>
    <value name="field_name">@xsi:schemaLocation</value>
    <value name="field_type">string</value>
    <value name="field_dim">0</value>
    <array name="field_options" type="value" depth="1">
    </array>
    <value name="nillable">true</value>
    <value name="form_qualified">false</value>
    <value name="is_global">false</value>
  </record>
</Values>
</DATA>
</MAPSET>

<MAPDELETE FIELD="/sanctionLimitUpdateConfigs;4;0;RetailAssetsSIDBI.docs:sanctionLimitUpdateConfigs">
</MAPDELETE>

<MAPDELETE FIELD="/bankAccountNum;1;0">
</MAPDELETE>

<MAPDELETE FIELD="/valueDate;1;0">
</MAPDELETE>

<MAPDELETE FIELD="/amount;1;0">
</MAPDELETE>

<MAPDELETE FIELD="/requestUUID;1;0">
</MAPDELETE>

<MAPDELETE FIELD="/configFileName;1;0">
</MAPDELETE>
</MAP>

<INVOKE TIMEOUT="" SERVICE="pub.xml:documentToXMLString" VALIDATE-IN="$none" VALIDATE-OUT="$none">
  <COMMENT>--Converting Document To XML String--</COMMENT>

  <!-- nodes -->

<MAP MODE="INPUT">
  <MAPTARGET>

<Values version="2.0">
  <record name="xml" javaclass="com.wm.util.Values">
    <value name="node_type">record</value>
    <value name="node_subtype">unknown</value>
    <value name="is_public">false</value>
    <value name="field_name">documentToXMLStringInput</value>
    <value name="field_type">record</value>
    <value name="field_dim">0</value>
    <value name="nillable">true</value>
    <value name="form_qualified">false</value>
    <value name="is_global">false</value>
    <array name="rec_fields" type="record" depth="1">
      <record javaclass="com.wm.util.Values">
        <value name="node_type">field</value>
        <value name="node_subtype">unknown</value>
        <value name="is_public">false</value>
        <value name="field_name">attrPrefix</value>
        <value name="field_type">string</value>
        <value name="field_dim">0</value>
        <value name="field_opt">true</value>
        <value name="nillable">true</value>
        <value name="form_qualified">false</value>
        <value name="is_global">false</value>
      </record>
      <record javaclass="com.wm.util.Values">
        <value name="node_type">record</value>
        <value name="node_subtype">unknown</value>
        <value name="is_public">false</value>
        <value name="field_name">document</value>
        <value name="field_type">record</value>
        <value name="field_dim">0</value>
        <value name="nillable">true</value>
        <value name="form_qualified">false</value>
        <value name="is_global">false</value>
        <array name="rec_fields" type="record" depth="1">
        </array>
        <value name="modifiable">true</value>
      </record>
      <record javaclass="com.wm.util.Values">
        <value name="node_type">record</value>
        <value name="node_subtype">unknown</value>
        <value name="is_public">false</value>
        <value name="field_name">nsDecls</value>
        <value name="field_type">record</value>
        <value name="field_dim">0</value>
        <value name="field_opt">true</value>
        <value name="nillable">true</value>
        <value name="form_qualified">false</value>
        <value name="is_global">false</value>
        <array name="rec_fields" type="record" depth="1">
        </array>
        <value name="modifiable">true</value>
      </record>
      <record javaclass="com.wm.util.Values">
        <value name="node_type">field</value>
        <value name="node_subtype">unknown</value>
        <value name="is_public">false</value>
        <value name="field_name">addHeader</value>
        <value name="field_type">string</value>
        <value name="field_dim">0</value>
        <value name="field_opt">true</value>
        <array name="field_options" type="value" depth="1">
          <value>true</value>
          <value>false</value>
        </array>
        <value name="nillable">true</value>
        <value name="form_qualified">false</value>
        <value name="is_global">false</value>
      </record>
      <record javaclass="com.wm.util.Values">
        <value name="node_type">field</value>
        <value name="node_subtype">unknown</value>
        <value name="is_public">false</value>
        <value name="field_name">encode</value>
        <value name="field_type">string</value>
        <value name="field_dim">0</value>
        <value name="field_opt">true</value>
        <array name="field_options" type="value" depth="1">
          <value>true</value>
          <value>false</value>
        </array>
        <value name="nillable">true</value>
        <value name="form_qualified">false</value>
        <value name="is_global">false</value>
      </record>
      <record javaclass="com.wm.util.Values">
        <value name="node_type">field</value>
        <value name="node_subtype">unknown</value>
        <value name="is_public">false</value>
        <value name="field_name">preserveRefs</value>
        <value name="field_type">string</value>
        <value name="field_dim">0</value>
        <value name="field_opt">true</value>
        <array name="field_options" type="value" depth="1">
          <value>true</value>
          <value>false</value>
        </array>
        <value name="nillable">true</value>
        <value name="form_qualified">false</value>
        <value name="is_global">false</value>
      </record>
      <record javaclass="com.wm.util.Values">
        <value name="node_type">field</value>
        <value name="node_subtype">unknown</value>
        <value name="is_public">false</value>
        <value name="field_name">documentTypeName</value>
        <value name="field_type">string</value>
        <value name="field_dim">0</value>
        <value name="field_opt">true</value>
        <value name="nillable">true</value>
        <value name="form_qualified">false</value>
        <value name="is_global">false</value>
      </record>
      <record javaclass="com.wm.util.Values">
        <value name="node_type">field</value>
        <value name="node_subtype">unknown</value>
        <value name="is_public">false</value>
        <value name="field_name">generateRequiredTags</value>
        <value name="field_type">string</value>
        <value name="field_dim">0</value>
        <value name="field_opt">true</value>
        <array name="field_options" type="value" depth="1">
          <value>false</value>
          <value>true</value>
        </array>
        <value name="nillable">true</value>
        <value name="form_qualified">false</value>
        <value name="is_global">false</value>
      </record>
      <record javaclass="com.wm.util.Values">
        <value name="node_type">field</value>
        <value name="node_subtype">unknown</value>
        <value name="is_public">false</value>
        <value name="field_name">generateNilTags</value>
        <value name="field_type">string</value>
        <value name="field_dim">0</value>
        <value name="field_opt">true</value>
        <array name="field_options" type="value" depth="1">
          <value>false</value>
          <value>true</value>
        </array>
        <value name="nillable">true</value>
        <value name="form_qualified">false</value>
        <value name="is_global">false</value>
      </record>
      <record javaclass="com.wm.util.Values">
        <value name="node_type">field</value>
        <value name="node_subtype">unknown</value>
        <value name="is_public">false</value>
        <value name="field_name">enforceLegalXML</value>
        <value name="field_type">string</value>
        <value name="field_dim">0</value>
        <value name="field_opt">true</value>
        <array name="field_options" type="value" depth="1">
          <value>true</value>
          <value>false</value>
        </array>
        <value name="nillable">true</value>
        <value name="form_qualified">false</value>
        <value name="is_global">false</value>
      </record>
      <record javaclass="com.wm.util.Values">
        <value name="node_type">record</value>
        <value name="node_subtype">unknown</value>
        <value name="is_public">false</value>
        <value name="field_name">dtdHeaderInfo</value>
        <value name="field_type">record</value>
        <value name="field_dim">0</value>
        <value name="field_opt">true</value>
        <value name="nillable">true</value>
        <value name="form_qualified">false</value>
        <value name="is_global">false</value>
        <array name="rec_fields" type="record" depth="1">
        </array>
        <value name="modifiable">true</value>
      </record>
      <record javaclass="com.wm.util.Values">
        <value name="node_type">field</value>
        <value name="node_subtype">unknown</value>
        <value name="is_public">false</value>
        <value name="field_name">bufferSize</value>
        <value name="field_type">string</value>
        <value name="field_dim">0</value>
        <value name="field_opt">true</value>
        <value name="nillable">true</value>
        <value name="form_qualified">false</value>
        <value name="is_global">false</value>
      </record>
    </array>
    <value name="modifiable">true</value>
  </record>
</Values>
</MAPTARGET>
  <MAPSOURCE>

<Values version="2.0">
  <record name="xml" javaclass="com.wm.util.Values">
    <value name="node_type">record</value>
    <value name="node_subtype">unknown</value>
    <value name="is_public">false</value>
    <value name="field_type">record</value>
    <value name="field_dim">0</value>
    <value name="nillable">true</value>
    <value name="form_qualified">false</value>
    <value name="is_global">false</value>
    <array name="rec_fields" type="record" depth="1">
      <record javaclass="com.wm.util.Values">
        <value name="node_type">record</value>
        <value name="node_subtype">unknown</value>
        <value name="is_public">false</value>
        <value name="field_name">sanctionLimitCBSReq</value>
        <value name="field_type">recref</value>
        <value name="field_dim">0</value>
        <value name="nillable">true</value>
        <value name="form_qualified">false</value>
        <value name="is_global">false</value>
        <value name="modifiable">true</value>
        <value name="rec_ref">RetailAssetsSIDBI.docs:sanctionLimitUpdateReqCBS</value>
      </record>
    </array>
    <value name="modifiable">true</value>
  </record>
</Values>
</MAPSOURCE>

  <!-- nodes -->

<MAPSET NAME="Setter" OVERWRITE="true" VARIABLES="false" GLOBALVARIABLES="false" FIELD="/encode;1;0">
  <DATA ENCODING="XMLValues" I18N="true">

<Values version="2.0">
  <value name="xml">true</value>
  <record name="type" javaclass="com.wm.util.Values">
    <value name="node_type">field</value>
    <value name="node_subtype">unknown</value>
    <value name="is_public">false</value>
    <value name="field_name">encode</value>
    <value name="field_type">string</value>
    <value name="field_dim">0</value>
    <value name="field_opt">true</value>
    <array name="field_options" type="value" depth="1">
      <value>true</value>
      <value>false</value>
    </array>
    <value name="nillable">true</value>
    <value name="form_qualified">false</value>
    <value name="is_global">false</value>
  </record>
</Values>
</DATA>
</MAPSET>

<MAPSET NAME="Setter" OVERWRITE="true" VARIABLES="false" GLOBALVARIABLES="false" FIELD="/preserveRefs;1;0">
  <DATA ENCODING="XMLValues" I18N="true">

<Values version="2.0">
  <value name="xml">true</value>
  <record name="type" javaclass="com.wm.util.Values">
    <value name="node_type">field</value>
    <value name="node_subtype">unknown</value>
    <value name="is_public">false</value>
    <value name="field_name">preserveRefs</value>
    <value name="field_type">string</value>
    <value name="field_dim">0</value>
    <value name="field_opt">true</value>
    <array name="field_options" type="value" depth="1">
      <value>true</value>
      <value>false</value>
    </array>
    <value name="nillable">true</value>
    <value name="form_qualified">false</value>
    <value name="is_global">false</value>
  </record>
</Values>
</DATA>
</MAPSET>

<MAPSET NAME="Setter" OVERWRITE="true" VARIABLES="false" GLOBALVARIABLES="false" FIELD="/generateRequiredTags;1;0">
  <DATA ENCODING="XMLValues" I18N="true">

<Values version="2.0">
  <value name="xml">true</value>
  <record name="type" javaclass="com.wm.util.Values">
    <value name="node_type">field</value>
    <value name="node_subtype">unknown</value>
    <value name="is_public">false</value>
    <value name="field_name">generateRequiredTags</value>
    <value name="field_type">string</value>
    <value name="field_dim">0</value>
    <value name="field_opt">true</value>
    <array name="field_options" type="value" depth="1">
      <value>false</value>
      <value>true</value>
    </array>
    <value name="nillable">true</value>
    <value name="form_qualified">false</value>
    <value name="is_global">false</value>
  </record>
</Values>
</DATA>
</MAPSET>

<MAPCOPY FROM="/sanctionLimitCBSReq;4;0;RetailAssetsSIDBI.docs:sanctionLimitUpdateReqCBS" TO="/document;2;0">
</MAPCOPY>

<MAPSET NAME="Setter" OVERWRITE="true" VARIABLES="false" GLOBALVARIABLES="false" FIELD="/documentTypeName;1;0">
  <DATA ENCODING="XMLValues" I18N="true">

<Values version="2.0">
  <value name="xml">RetailAssetsSIDBI.docs:sanctionLimitUpdateReqCBS</value>
  <record name="type" javaclass="com.wm.util.Values">
    <value name="node_type">field</value>
    <value name="node_subtype">unknown</value>
    <value name="is_public">false</value>
    <value name="field_name">documentTypeName</value>
    <value name="field_type">string</value>
    <value name="field_dim">0</value>
    <value name="field_opt">true</value>
    <value name="nillable">true</value>
    <value name="form_qualified">false</value>
    <value name="is_global">false</value>
  </record>
</Values>
</DATA>
</MAPSET>

<MAPDELETE FIELD="/sanctionLimitCBSReq;4;0;RetailAssetsSIDBI.docs:sanctionLimitUpdateReqCBS">
</MAPDELETE>
</MAP>

<MAP MODE="OUTPUT">
  <MAPTARGET>

<Values version="2.0">
  <record name="xml" javaclass="com.wm.util.Values">
    <value name="node_type">record</value>
    <value name="node_subtype">unknown</value>
    <value name="is_public">false</value>
    <value name="field_type">record</value>
    <value name="field_dim">0</value>
    <value name="nillable">true</value>
    <value name="form_qualified">false</value>
    <value name="is_global">false</value>
    <array name="rec_fields" type="record" depth="1">
      <record javaclass="com.wm.util.Values">
        <value name="node_type">record</value>
        <value name="node_subtype">unknown</value>
        <value name="is_public">false</value>
        <value name="field_name">document</value>
        <value name="field_type">record</value>
        <value name="field_dim">0</value>
        <value name="nillable">true</value>
        <value name="form_qualified">false</value>
        <value name="is_global">false</value>
        <array name="rec_fields" type="record" depth="1">
        </array>
        <value name="modifiable">true</value>
      </record>
      <record javaclass="com.wm.util.Values">
        <value name="node_type">unknown</value>
        <value name="node_subtype">unknown</value>
        <value name="is_public">false</value>
        <value name="field_name">encode</value>
        <value name="field_type">string</value>
        <value name="field_dim">0</value>
        <value name="nillable">true</value>
        <value name="form_qualified">false</value>
        <value name="is_global">false</value>
      </record>
      <record javaclass="com.wm.util.Values">
        <value name="node_type">unknown</value>
        <value name="node_subtype">unknown</value>
        <value name="is_public">false</value>
        <value name="field_name">preserveRefs</value>
        <value name="field_type">string</value>
        <value name="field_dim">0</value>
        <value name="nillable">true</value>
        <value name="form_qualified">false</value>
        <value name="is_global">false</value>
      </record>
      <record javaclass="com.wm.util.Values">
        <value name="node_type">unknown</value>
        <value name="node_subtype">unknown</value>
        <value name="is_public">false</value>
        <value name="field_name">documentTypeName</value>
        <value name="field_type">string</value>
        <value name="field_dim">0</value>
        <value name="nillable">true</value>
        <value name="form_qualified">false</value>
        <value name="is_global">false</value>
      </record>
      <record javaclass="com.wm.util.Values">
        <value name="node_type">unknown</value>
        <value name="node_subtype">unknown</value>
        <value name="is_public">false</value>
        <value name="field_name">generateRequiredTags</value>
        <value name="field_type">string</value>
        <value name="field_dim">0</value>
        <value name="nillable">true</value>
        <value name="form_qualified">false</value>
        <value name="is_global">false</value>
      </record>
      <record javaclass="com.wm.util.Values">
        <value name="node_type">field</value>
        <value name="node_subtype">unknown</value>
        <value name="is_public">false</value>
        <value name="field_name">xmldata</value>
        <value name="field_type">string</value>
        <value name="field_dim">0</value>
        <value name="nillable">true</value>
        <value name="form_qualified">false</value>
        <value name="is_global">false</value>
      </record>
      <record javaclass="com.wm.util.Values">
        <value name="node_type">record</value>
        <value name="node_subtype">unknown</value>
        <value name="node_comment"></value>
        <record name="node_hints" javaclass="com.wm.util.Values">
          <value name="field_usereditable">true</value>
          <value name="field_largerEditor">false</value>
          <value name="field_password">false</value>
        </record>
        <value name="is_public">false</value>
        <value name="field_name">cbsReqXML</value>
        <value name="field_type">string</value>
        <value name="field_dim">0</value>
        <array name="field_options" type="value" depth="1">
        </array>
        <value name="nillable">true</value>
        <value name="form_qualified">false</value>
        <value name="is_global">false</value>
      </record>
    </array>
    <value name="modifiable">true</value>
  </record>
</Values>
</MAPTARGET>
  <MAPSOURCE>

<Values version="2.0">
  <record name="xml" javaclass="com.wm.util.Values">
    <value name="node_type">record</value>
    <value name="node_subtype">unknown</value>
    <value name="is_public">false</value>
    <value name="field_name">documentToXMLStringOutput</value>
    <value name="field_type">record</value>
    <value name="field_dim">0</value>
    <value name="nillable">true</value>
    <value name="form_qualified">false</value>
    <value name="is_global">false</value>
    <array name="rec_fields" type="record" depth="1">
      <record javaclass="com.wm.util.Values">
        <value name="node_type">field</value>
        <value name="node_subtype">unknown</value>
        <value name="is_public">false</value>
        <value name="field_name">xmldata</value>
        <value name="field_type">string</value>
        <value name="field_dim">0</value>
        <value name="nillable">true</value>
        <value name="form_qualified">false</value>
        <value name="is_global">false</value>
      </record>
    </array>
    <value name="modifiable">true</value>
  </record>
</Values>
</MAPSOURCE>

  <!-- nodes -->

<MAPCOPY FROM="/xmldata;1;0" TO="/cbsReqXML;1;0">
</MAPCOPY>

<MAPDELETE FIELD="/xmldata;1;0">
</MAPDELETE>

<MAPDELETE FIELD="/document;2;0">
</MAPDELETE>

<MAPDELETE FIELD="/encode;1;0">
</MAPDELETE>

<MAPDELETE FIELD="/preserveRefs;1;0">
</MAPDELETE>

<MAPDELETE FIELD="/documentTypeName;1;0">
</MAPDELETE>

<MAPDELETE FIELD="/generateRequiredTags;1;0">
</MAPDELETE>
</MAP>
</INVOKE>
</FLOW>
