<?xml version="1.0" encoding="UTF-8"?>

<FLOW VERSION="3.0" CLEANUP="true">
  <COMMENT></COMMENT>

  <!-- nodes -->

<MAP TIMEOUT="" MODE="STANDALONE">
  <COMMENT></COMMENT>
  <MAPTARGET>

<Values version="2.0">
  <record name="xml" javaclass="com.wm.util.Values">
    <value name="node_type">record</value>
    <value name="node_subtype">unknown</value>
    <value name="is_public">false</value>
    <value name="field_type">record</value>
    <value name="field_dim">0</value>
    <value name="nillable">true</value>
    <value name="form_qualified">false</value>
    <value name="is_global">false</value>
    <array name="rec_fields" type="record" depth="1">
      <record javaclass="com.wm.util.Values">
        <value name="node_type">record</value>
        <value name="node_subtype">unknown</value>
        <value name="node_comment"></value>
        <record name="node_hints" javaclass="com.wm.util.Values">
          <value name="field_largerEditor">false</value>
          <value name="field_password">false</value>
        </record>
        <value name="is_public">false</value>
        <value name="field_name">data</value>
        <value name="field_type">record</value>
        <value name="field_dim">0</value>
        <value name="field_opt">true</value>
        <value name="wrapper_type">IData</value>
        <value name="nillable">true</value>
        <value name="form_qualified">false</value>
        <value name="is_global">false</value>
        <array name="rec_fields" type="record" depth="1">
        </array>
        <value name="rec_closed">true</value>
        <value name="modifiable">true</value>
      </record>
      <record javaclass="com.wm.util.Values">
        <value name="node_type">record</value>
        <value name="node_subtype">unknown</value>
        <value name="is_public">false</value>
        <value name="field_name">requestGetApiTokenXml</value>
        <value name="field_type">recref</value>
        <value name="field_dim">0</value>
        <value name="nillable">true</value>
        <value name="form_qualified">false</value>
        <value name="is_global">false</value>
        <value name="modifiable">true</value>
        <value name="rec_ref">MerchantUPI.docs:requestGetApiTokenXml</value>
      </record>
    </array>
    <value name="modifiable">true</value>
  </record>
</Values>
</MAPTARGET>
  <MAPSOURCE>

<Values version="2.0">
  <record name="xml" javaclass="com.wm.util.Values">
    <value name="node_type">record</value>
    <value name="node_subtype">unknown</value>
    <value name="is_public">false</value>
    <value name="field_type">record</value>
    <value name="field_dim">0</value>
    <value name="nillable">true</value>
    <value name="form_qualified">false</value>
    <value name="is_global">false</value>
    <array name="rec_fields" type="record" depth="1">
      <record javaclass="com.wm.util.Values">
        <value name="node_type">record</value>
        <value name="node_subtype">unknown</value>
        <value name="node_comment"></value>
        <record name="node_hints" javaclass="com.wm.util.Values">
          <value name="field_largerEditor">false</value>
          <value name="field_password">false</value>
        </record>
        <value name="is_public">false</value>
        <value name="field_name">data</value>
        <value name="field_type">record</value>
        <value name="field_dim">0</value>
        <value name="field_opt">true</value>
        <value name="wrapper_type">IData</value>
        <value name="nillable">true</value>
        <value name="form_qualified">false</value>
        <value name="is_global">false</value>
        <array name="rec_fields" type="record" depth="1">
          <record javaclass="com.wm.util.Values">
            <value name="node_type">record</value>
            <value name="node_subtype">unknown</value>
            <value name="node_comment"></value>
            <record name="node_hints" javaclass="com.wm.util.Values">
              <value name="field_largerEditor">false</value>
              <value name="field_password">false</value>
            </record>
            <value name="is_public">false</value>
            <value name="field_name">reqGetApiToken</value>
            <value name="field_type">record</value>
            <value name="field_dim">0</value>
            <value name="field_opt">true</value>
            <value name="wrapper_type">IData</value>
            <value name="nillable">true</value>
            <value name="form_qualified">false</value>
            <value name="is_global">false</value>
            <array name="rec_fields" type="record" depth="1">
              <record javaclass="com.wm.util.Values">
                <value name="node_type">record</value>
                <value name="node_subtype">unknown</value>
                <value name="node_comment"></value>
                <record name="node_hints" javaclass="com.wm.util.Values">
                  <value name="field_usereditable">true</value>
                  <value name="field_largerEditor">false</value>
                  <value name="field_password">false</value>
                </record>
                <value name="is_public">false</value>
                <value name="field_name">merchantId</value>
                <value name="field_type">string</value>
                <value name="field_dim">0</value>
                <array name="field_options" type="value" depth="1">
                </array>
                <record name="field_content_type" javaclass="com.wm.util.Values">
                  <record name="minLength" javaclass="com.wm.util.Values">
                    <record name="FMinLenCValue" javaclass="com.wm.util.Values">
                      <value name="cDecimalValue">1</value>
                    </record>
                    <value name="facetFixed">false</value>
                  </record>
                  <record name="maxLength" javaclass="com.wm.util.Values">
                    <record name="FMaxLenCValue" javaclass="com.wm.util.Values">
                      <value name="cDecimalValue">35</value>
                    </record>
                    <value name="facetFixed">false</value>
                  </record>
                  <record name="whiteSpace" javaclass="com.wm.util.Values">
                    <record name="FacetWSCValue" javaclass="com.wm.util.Values">
                      <value name="cDecimalValue">3</value>
                    </record>
                    <value name="facetFixed">false</value>
                  </record>
                  <value name="contentType">1</value>
                  <value name="internalType">instance</value>
                  <value name="ct_class">com.wm.lang.schema.datatypev2.WmString</value>
                  <value name="name">string_customized</value>
                  <array name="parent-ancestors" type="record" depth="1">
                    <record javaclass="com.wm.util.Values">
                      <value name="xmlns">http://www.w3.org/2001/XMLSchema</value>
                      <value name="ncName">anySimpleType</value>
                    </record>
                    <record javaclass="com.wm.util.Values">
                      <value name="xmlns">http://www.w3.org/2001/XMLSchema</value>
                      <value name="ncName">anyType</value>
                    </record>
                    <record javaclass="com.wm.util.Values">
                      <value name="xmlns">http://www.w3.org/2001/XMLSchema</value>
                      <value name="ncName">string</value>
                    </record>
                  </array>
                  <record name="baseType" javaclass="com.wm.util.Values">
                    <record name="whiteSpace" javaclass="com.wm.util.Values">
                      <record name="FacetWSCValue" javaclass="com.wm.util.Values">
                        <value name="cDecimalValue">3</value>
                      </record>
                      <value name="facetFixed">false</value>
                    </record>
                    <value name="contentType">1</value>
                    <value name="internalType">instance</value>
                    <value name="ct_class">com.wm.lang.schema.datatypev2.WmString</value>
                    <value name="dataTypeVersion">dtVersion2</value>
                  </record>
                  <value name="dataTypeVersion">dtVersion2</value>
                </record>
                <value name="nillable">false</value>
                <value name="form_qualified">false</value>
                <value name="is_global">false</value>
              </record>
              <record javaclass="com.wm.util.Values">
                <value name="node_type">record</value>
                <value name="node_subtype">unknown</value>
                <value name="node_comment"></value>
                <record name="node_hints" javaclass="com.wm.util.Values">
                  <value name="field_usereditable">true</value>
                  <value name="field_largerEditor">false</value>
                  <value name="field_password">false</value>
                </record>
                <value name="is_public">false</value>
                <value name="field_name">aggregatorId</value>
                <value name="field_type">string</value>
                <value name="field_dim">0</value>
                <array name="field_options" type="value" depth="1">
                </array>
                <record name="field_content_type" javaclass="com.wm.util.Values">
                  <record name="minLength" javaclass="com.wm.util.Values">
                    <record name="FMinLenCValue" javaclass="com.wm.util.Values">
                      <value name="cDecimalValue">1</value>
                    </record>
                    <value name="facetFixed">false</value>
                  </record>
                  <record name="maxLength" javaclass="com.wm.util.Values">
                    <record name="FMaxLenCValue" javaclass="com.wm.util.Values">
                      <value name="cDecimalValue">35</value>
                    </record>
                    <value name="facetFixed">false</value>
                  </record>
                  <record name="whiteSpace" javaclass="com.wm.util.Values">
                    <record name="FacetWSCValue" javaclass="com.wm.util.Values">
                      <value name="cDecimalValue">3</value>
                    </record>
                    <value name="facetFixed">false</value>
                  </record>
                  <value name="contentType">1</value>
                  <value name="internalType">instance</value>
                  <value name="ct_class">com.wm.lang.schema.datatypev2.WmString</value>
                  <value name="name">string_customized</value>
                  <array name="parent-ancestors" type="record" depth="1">
                    <record javaclass="com.wm.util.Values">
                      <value name="xmlns">http://www.w3.org/2001/XMLSchema</value>
                      <value name="ncName">anySimpleType</value>
                    </record>
                    <record javaclass="com.wm.util.Values">
                      <value name="xmlns">http://www.w3.org/2001/XMLSchema</value>
                      <value name="ncName">anyType</value>
                    </record>
                    <record javaclass="com.wm.util.Values">
                      <value name="xmlns">http://www.w3.org/2001/XMLSchema</value>
                      <value name="ncName">string</value>
                    </record>
                  </array>
                  <record name="baseType" javaclass="com.wm.util.Values">
                    <record name="whiteSpace" javaclass="com.wm.util.Values">
                      <record name="FacetWSCValue" javaclass="com.wm.util.Values">
                        <value name="cDecimalValue">3</value>
                      </record>
                      <value name="facetFixed">false</value>
                    </record>
                    <value name="contentType">1</value>
                    <value name="internalType">instance</value>
                    <value name="ct_class">com.wm.lang.schema.datatypev2.WmString</value>
                    <value name="dataTypeVersion">dtVersion2</value>
                  </record>
                  <value name="dataTypeVersion">dtVersion2</value>
                </record>
                <value name="nillable">false</value>
                <value name="form_qualified">false</value>
                <value name="is_global">false</value>
              </record>
              <record javaclass="com.wm.util.Values">
                <value name="node_type">record</value>
                <value name="node_subtype">unknown</value>
                <value name="node_comment"></value>
                <record name="node_hints" javaclass="com.wm.util.Values">
                  <value name="field_usereditable">true</value>
                  <value name="field_largerEditor">false</value>
                  <value name="field_password">false</value>
                </record>
                <value name="is_public">false</value>
                <value name="field_name">refId</value>
                <value name="field_type">string</value>
                <value name="field_dim">0</value>
                <array name="field_options" type="value" depth="1">
                </array>
                <record name="field_content_type" javaclass="com.wm.util.Values">
                  <record name="minLength" javaclass="com.wm.util.Values">
                    <record name="FMinLenCValue" javaclass="com.wm.util.Values">
                      <value name="cDecimalValue">1</value>
                    </record>
                    <value name="facetFixed">false</value>
                  </record>
                  <record name="maxLength" javaclass="com.wm.util.Values">
                    <record name="FMaxLenCValue" javaclass="com.wm.util.Values">
                      <value name="cDecimalValue">35</value>
                    </record>
                    <value name="facetFixed">false</value>
                  </record>
                  <record name="whiteSpace" javaclass="com.wm.util.Values">
                    <record name="FacetWSCValue" javaclass="com.wm.util.Values">
                      <value name="cDecimalValue">3</value>
                    </record>
                    <value name="facetFixed">false</value>
                  </record>
                  <value name="contentType">1</value>
                  <value name="internalType">instance</value>
                  <value name="ct_class">com.wm.lang.schema.datatypev2.WmString</value>
                  <value name="name">string_customized</value>
                  <array name="parent-ancestors" type="record" depth="1">
                    <record javaclass="com.wm.util.Values">
                      <value name="xmlns">http://www.w3.org/2001/XMLSchema</value>
                      <value name="ncName">anySimpleType</value>
                    </record>
                    <record javaclass="com.wm.util.Values">
                      <value name="xmlns">http://www.w3.org/2001/XMLSchema</value>
                      <value name="ncName">anyType</value>
                    </record>
                    <record javaclass="com.wm.util.Values">
                      <value name="xmlns">http://www.w3.org/2001/XMLSchema</value>
                      <value name="ncName">string</value>
                    </record>
                  </array>
                  <record name="baseType" javaclass="com.wm.util.Values">
                    <record name="whiteSpace" javaclass="com.wm.util.Values">
                      <record name="FacetWSCValue" javaclass="com.wm.util.Values">
                        <value name="cDecimalValue">3</value>
                      </record>
                      <value name="facetFixed">false</value>
                    </record>
                    <value name="contentType">1</value>
                    <value name="internalType">instance</value>
                    <value name="ct_class">com.wm.lang.schema.datatypev2.WmString</value>
                    <value name="dataTypeVersion">dtVersion2</value>
                  </record>
                  <value name="dataTypeVersion">dtVersion2</value>
                </record>
                <value name="nillable">false</value>
                <value name="form_qualified">false</value>
                <value name="is_global">false</value>
              </record>
              <record javaclass="com.wm.util.Values">
                <value name="node_type">record</value>
                <value name="node_subtype">unknown</value>
                <value name="node_comment"></value>
                <record name="node_hints" javaclass="com.wm.util.Values">
                  <value name="field_largerEditor">false</value>
                  <value name="field_password">false</value>
                </record>
                <value name="is_public">false</value>
                <value name="field_name">deviceInfo</value>
                <value name="field_type">record</value>
                <value name="field_dim">0</value>
                <value name="field_opt">true</value>
                <value name="wrapper_type">IData</value>
                <value name="nillable">true</value>
                <value name="form_qualified">false</value>
                <value name="is_global">false</value>
                <array name="rec_fields" type="record" depth="1">
                  <record javaclass="com.wm.util.Values">
                    <value name="node_type">record</value>
                    <value name="node_subtype">unknown</value>
                    <value name="node_comment"></value>
                    <record name="node_hints" javaclass="com.wm.util.Values">
                      <value name="field_usereditable">true</value>
                      <value name="field_largerEditor">false</value>
                      <value name="field_password">false</value>
                    </record>
                    <value name="is_public">false</value>
                    <value name="field_name">mobile</value>
                    <value name="field_type">string</value>
                    <value name="field_dim">0</value>
                    <array name="field_options" type="value" depth="1">
                    </array>
                    <record name="field_content_type" javaclass="com.wm.util.Values">
                      <record name="minLength" javaclass="com.wm.util.Values">
                        <record name="FMinLenCValue" javaclass="com.wm.util.Values">
                          <value name="cDecimalValue">1</value>
                        </record>
                        <value name="facetFixed">false</value>
                      </record>
                      <record name="maxLength" javaclass="com.wm.util.Values">
                        <record name="FMaxLenCValue" javaclass="com.wm.util.Values">
                          <value name="cDecimalValue">15</value>
                        </record>
                        <value name="facetFixed">false</value>
                      </record>
                      <record name="whiteSpace" javaclass="com.wm.util.Values">
                        <record name="FacetWSCValue" javaclass="com.wm.util.Values">
                          <value name="cDecimalValue">3</value>
                        </record>
                        <value name="facetFixed">false</value>
                      </record>
                      <value name="contentType">1</value>
                      <value name="internalType">instance</value>
                      <value name="ct_class">com.wm.lang.schema.datatypev2.WmString</value>
                      <value name="name">string_customized</value>
                      <array name="parent-ancestors" type="record" depth="1">
                        <record javaclass="com.wm.util.Values">
                          <value name="xmlns">http://www.w3.org/2001/XMLSchema</value>
                          <value name="ncName">anySimpleType</value>
                        </record>
                        <record javaclass="com.wm.util.Values">
                          <value name="xmlns">http://www.w3.org/2001/XMLSchema</value>
                          <value name="ncName">anyType</value>
                        </record>
                        <record javaclass="com.wm.util.Values">
                          <value name="xmlns">http://www.w3.org/2001/XMLSchema</value>
                          <value name="ncName">string</value>
                        </record>
                      </array>
                      <record name="baseType" javaclass="com.wm.util.Values">
                        <record name="whiteSpace" javaclass="com.wm.util.Values">
                          <record name="FacetWSCValue" javaclass="com.wm.util.Values">
                            <value name="cDecimalValue">3</value>
                          </record>
                          <value name="facetFixed">false</value>
                        </record>
                        <value name="contentType">1</value>
                        <value name="internalType">instance</value>
                        <value name="ct_class">com.wm.lang.schema.datatypev2.WmString</value>
                        <value name="dataTypeVersion">dtVersion2</value>
                      </record>
                      <value name="dataTypeVersion">dtVersion2</value>
                    </record>
                    <value name="nillable">false</value>
                    <value name="form_qualified">false</value>
                    <value name="is_global">false</value>
                  </record>
                  <record javaclass="com.wm.util.Values">
                    <value name="node_type">record</value>
                    <value name="node_subtype">unknown</value>
                    <value name="node_comment"></value>
                    <record name="node_hints" javaclass="com.wm.util.Values">
                      <value name="field_usereditable">true</value>
                      <value name="field_largerEditor">false</value>
                      <value name="field_password">false</value>
                    </record>
                    <value name="is_public">false</value>
                    <value name="field_name">geocode</value>
                    <value name="field_type">string</value>
                    <value name="field_dim">0</value>
                    <value name="field_opt">true</value>
                    <array name="field_options" type="value" depth="1">
                    </array>
                    <record name="field_content_type" javaclass="com.wm.util.Values">
                      <record name="minLength" javaclass="com.wm.util.Values">
                        <record name="FMinLenCValue" javaclass="com.wm.util.Values">
                          <value name="cDecimalValue">1</value>
                        </record>
                        <value name="facetFixed">false</value>
                      </record>
                      <record name="maxLength" javaclass="com.wm.util.Values">
                        <record name="FMaxLenCValue" javaclass="com.wm.util.Values">
                          <value name="cDecimalValue">35</value>
                        </record>
                        <value name="facetFixed">false</value>
                      </record>
                      <record name="whiteSpace" javaclass="com.wm.util.Values">
                        <record name="FacetWSCValue" javaclass="com.wm.util.Values">
                          <value name="cDecimalValue">3</value>
                        </record>
                        <value name="facetFixed">false</value>
                      </record>
                      <value name="contentType">1</value>
                      <value name="internalType">instance</value>
                      <value name="ct_class">com.wm.lang.schema.datatypev2.WmString</value>
                      <value name="name">string_customized</value>
                      <array name="parent-ancestors" type="record" depth="1">
                        <record javaclass="com.wm.util.Values">
                          <value name="xmlns">http://www.w3.org/2001/XMLSchema</value>
                          <value name="ncName">anySimpleType</value>
                        </record>
                        <record javaclass="com.wm.util.Values">
                          <value name="xmlns">http://www.w3.org/2001/XMLSchema</value>
                          <value name="ncName">anyType</value>
                        </record>
                        <record javaclass="com.wm.util.Values">
                          <value name="xmlns">http://www.w3.org/2001/XMLSchema</value>
                          <value name="ncName">string</value>
                        </record>
                      </array>
                      <record name="baseType" javaclass="com.wm.util.Values">
                        <record name="whiteSpace" javaclass="com.wm.util.Values">
                          <record name="FacetWSCValue" javaclass="com.wm.util.Values">
                            <value name="cDecimalValue">3</value>
                          </record>
                          <value name="facetFixed">false</value>
                        </record>
                        <value name="contentType">1</value>
                        <value name="internalType">instance</value>
                        <value name="ct_class">com.wm.lang.schema.datatypev2.WmString</value>
                        <value name="dataTypeVersion">dtVersion2</value>
                      </record>
                      <value name="dataTypeVersion">dtVersion2</value>
                    </record>
                    <value name="nillable">true</value>
                    <value name="form_qualified">false</value>
                    <value name="is_global">false</value>
                  </record>
                  <record javaclass="com.wm.util.Values">
                    <value name="node_type">record</value>
                    <value name="node_subtype">unknown</value>
                    <value name="node_comment"></value>
                    <record name="node_hints" javaclass="com.wm.util.Values">
                      <value name="field_usereditable">true</value>
                      <value name="field_largerEditor">false</value>
                      <value name="field_password">false</value>
                    </record>
                    <value name="is_public">false</value>
                    <value name="field_name">location</value>
                    <value name="field_type">string</value>
                    <value name="field_dim">0</value>
                    <value name="field_opt">true</value>
                    <array name="field_options" type="value" depth="1">
                    </array>
                    <record name="field_content_type" javaclass="com.wm.util.Values">
                      <record name="minLength" javaclass="com.wm.util.Values">
                        <record name="FMinLenCValue" javaclass="com.wm.util.Values">
                          <value name="cDecimalValue">1</value>
                        </record>
                        <value name="facetFixed">false</value>
                      </record>
                      <record name="maxLength" javaclass="com.wm.util.Values">
                        <record name="FMaxLenCValue" javaclass="com.wm.util.Values">
                          <value name="cDecimalValue">35</value>
                        </record>
                        <value name="facetFixed">false</value>
                      </record>
                      <record name="whiteSpace" javaclass="com.wm.util.Values">
                        <record name="FacetWSCValue" javaclass="com.wm.util.Values">
                          <value name="cDecimalValue">3</value>
                        </record>
                        <value name="facetFixed">false</value>
                      </record>
                      <value name="contentType">1</value>
                      <value name="internalType">instance</value>
                      <value name="ct_class">com.wm.lang.schema.datatypev2.WmString</value>
                      <value name="name">string_customized</value>
                      <array name="parent-ancestors" type="record" depth="1">
                        <record javaclass="com.wm.util.Values">
                          <value name="xmlns">http://www.w3.org/2001/XMLSchema</value>
                          <value name="ncName">anySimpleType</value>
                        </record>
                        <record javaclass="com.wm.util.Values">
                          <value name="xmlns">http://www.w3.org/2001/XMLSchema</value>
                          <value name="ncName">anyType</value>
                        </record>
                        <record javaclass="com.wm.util.Values">
                          <value name="xmlns">http://www.w3.org/2001/XMLSchema</value>
                          <value name="ncName">string</value>
                        </record>
                      </array>
                      <record name="baseType" javaclass="com.wm.util.Values">
                        <record name="whiteSpace" javaclass="com.wm.util.Values">
                          <record name="FacetWSCValue" javaclass="com.wm.util.Values">
                            <value name="cDecimalValue">3</value>
                          </record>
                          <value name="facetFixed">false</value>
                        </record>
                        <value name="contentType">1</value>
                        <value name="internalType">instance</value>
                        <value name="ct_class">com.wm.lang.schema.datatypev2.WmString</value>
                        <value name="dataTypeVersion">dtVersion2</value>
                      </record>
                      <value name="dataTypeVersion">dtVersion2</value>
                    </record>
                    <value name="nillable">true</value>
                    <value name="form_qualified">false</value>
                    <value name="is_global">false</value>
                  </record>
                  <record javaclass="com.wm.util.Values">
                    <value name="node_type">record</value>
                    <value name="node_subtype">unknown</value>
                    <value name="node_comment"></value>
                    <record name="node_hints" javaclass="com.wm.util.Values">
                      <value name="field_usereditable">true</value>
                      <value name="field_largerEditor">false</value>
                      <value name="field_password">false</value>
                    </record>
                    <value name="is_public">false</value>
                    <value name="field_name">ip</value>
                    <value name="field_type">string</value>
                    <value name="field_dim">0</value>
                    <value name="field_opt">true</value>
                    <array name="field_options" type="value" depth="1">
                    </array>
                    <record name="field_content_type" javaclass="com.wm.util.Values">
                      <record name="minLength" javaclass="com.wm.util.Values">
                        <record name="FMinLenCValue" javaclass="com.wm.util.Values">
                          <value name="cDecimalValue">1</value>
                        </record>
                        <value name="facetFixed">false</value>
                      </record>
                      <record name="maxLength" javaclass="com.wm.util.Values">
                        <record name="FMaxLenCValue" javaclass="com.wm.util.Values">
                          <value name="cDecimalValue">35</value>
                        </record>
                        <value name="facetFixed">false</value>
                      </record>
                      <record name="whiteSpace" javaclass="com.wm.util.Values">
                        <record name="FacetWSCValue" javaclass="com.wm.util.Values">
                          <value name="cDecimalValue">3</value>
                        </record>
                        <value name="facetFixed">false</value>
                      </record>
                      <value name="contentType">1</value>
                      <value name="internalType">instance</value>
                      <value name="ct_class">com.wm.lang.schema.datatypev2.WmString</value>
                      <value name="name">string_customized</value>
                      <array name="parent-ancestors" type="record" depth="1">
                        <record javaclass="com.wm.util.Values">
                          <value name="xmlns">http://www.w3.org/2001/XMLSchema</value>
                          <value name="ncName">anySimpleType</value>
                        </record>
                        <record javaclass="com.wm.util.Values">
                          <value name="xmlns">http://www.w3.org/2001/XMLSchema</value>
                          <value name="ncName">anyType</value>
                        </record>
                        <record javaclass="com.wm.util.Values">
                          <value name="xmlns">http://www.w3.org/2001/XMLSchema</value>
                          <value name="ncName">string</value>
                        </record>
                      </array>
                      <record name="baseType" javaclass="com.wm.util.Values">
                        <record name="whiteSpace" javaclass="com.wm.util.Values">
                          <record name="FacetWSCValue" javaclass="com.wm.util.Values">
                            <value name="cDecimalValue">3</value>
                          </record>
                          <value name="facetFixed">false</value>
                        </record>
                        <value name="contentType">1</value>
                        <value name="internalType">instance</value>
                        <value name="ct_class">com.wm.lang.schema.datatypev2.WmString</value>
                        <value name="dataTypeVersion">dtVersion2</value>
                      </record>
                      <value name="dataTypeVersion">dtVersion2</value>
                    </record>
                    <value name="nillable">true</value>
                    <value name="form_qualified">false</value>
                    <value name="is_global">false</value>
                  </record>
                  <record javaclass="com.wm.util.Values">
                    <value name="node_type">record</value>
                    <value name="node_subtype">unknown</value>
                    <value name="node_comment"></value>
                    <record name="node_hints" javaclass="com.wm.util.Values">
                      <value name="field_usereditable">true</value>
                      <value name="field_largerEditor">false</value>
                      <value name="field_password">false</value>
                    </record>
                    <value name="is_public">false</value>
                    <value name="field_name">type</value>
                    <value name="field_type">string</value>
                    <value name="field_dim">0</value>
                    <value name="field_opt">true</value>
                    <array name="field_options" type="value" depth="1">
                    </array>
                    <record name="field_content_type" javaclass="com.wm.util.Values">
                      <record name="minLength" javaclass="com.wm.util.Values">
                        <record name="FMinLenCValue" javaclass="com.wm.util.Values">
                          <value name="cDecimalValue">1</value>
                        </record>
                        <value name="facetFixed">false</value>
                      </record>
                      <record name="maxLength" javaclass="com.wm.util.Values">
                        <record name="FMaxLenCValue" javaclass="com.wm.util.Values">
                          <value name="cDecimalValue">35</value>
                        </record>
                        <value name="facetFixed">false</value>
                      </record>
                      <record name="whiteSpace" javaclass="com.wm.util.Values">
                        <record name="FacetWSCValue" javaclass="com.wm.util.Values">
                          <value name="cDecimalValue">3</value>
                        </record>
                        <value name="facetFixed">false</value>
                      </record>
                      <value name="contentType">1</value>
                      <value name="internalType">instance</value>
                      <value name="ct_class">com.wm.lang.schema.datatypev2.WmString</value>
                      <value name="name">string_customized</value>
                      <array name="parent-ancestors" type="record" depth="1">
                        <record javaclass="com.wm.util.Values">
                          <value name="xmlns">http://www.w3.org/2001/XMLSchema</value>
                          <value name="ncName">anySimpleType</value>
                        </record>
                        <record javaclass="com.wm.util.Values">
                          <value name="xmlns">http://www.w3.org/2001/XMLSchema</value>
                          <value name="ncName">anyType</value>
                        </record>
                        <record javaclass="com.wm.util.Values">
                          <value name="xmlns">http://www.w3.org/2001/XMLSchema</value>
                          <value name="ncName">string</value>
                        </record>
                      </array>
                      <record name="baseType" javaclass="com.wm.util.Values">
                        <record name="whiteSpace" javaclass="com.wm.util.Values">
                          <record name="FacetWSCValue" javaclass="com.wm.util.Values">
                            <value name="cDecimalValue">3</value>
                          </record>
                          <value name="facetFixed">false</value>
                        </record>
                        <value name="contentType">1</value>
                        <value name="internalType">instance</value>
                        <value name="ct_class">com.wm.lang.schema.datatypev2.WmString</value>
                        <value name="dataTypeVersion">dtVersion2</value>
                      </record>
                      <value name="dataTypeVersion">dtVersion2</value>
                    </record>
                    <value name="nillable">true</value>
                    <value name="form_qualified">false</value>
                    <value name="is_global">false</value>
                  </record>
                  <record javaclass="com.wm.util.Values">
                    <value name="node_type">record</value>
                    <value name="node_subtype">unknown</value>
                    <value name="node_comment"></value>
                    <record name="node_hints" javaclass="com.wm.util.Values">
                      <value name="field_usereditable">true</value>
                      <value name="field_largerEditor">false</value>
                      <value name="field_password">false</value>
                    </record>
                    <value name="is_public">false</value>
                    <value name="field_name">id</value>
                    <value name="field_type">string</value>
                    <value name="field_dim">0</value>
                    <value name="field_opt">true</value>
                    <array name="field_options" type="value" depth="1">
                    </array>
                    <record name="field_content_type" javaclass="com.wm.util.Values">
                      <record name="minLength" javaclass="com.wm.util.Values">
                        <record name="FMinLenCValue" javaclass="com.wm.util.Values">
                          <value name="cDecimalValue">1</value>
                        </record>
                        <value name="facetFixed">false</value>
                      </record>
                      <record name="maxLength" javaclass="com.wm.util.Values">
                        <record name="FMaxLenCValue" javaclass="com.wm.util.Values">
                          <value name="cDecimalValue">35</value>
                        </record>
                        <value name="facetFixed">false</value>
                      </record>
                      <record name="whiteSpace" javaclass="com.wm.util.Values">
                        <record name="FacetWSCValue" javaclass="com.wm.util.Values">
                          <value name="cDecimalValue">3</value>
                        </record>
                        <value name="facetFixed">false</value>
                      </record>
                      <value name="contentType">1</value>
                      <value name="internalType">instance</value>
                      <value name="ct_class">com.wm.lang.schema.datatypev2.WmString</value>
                      <value name="name">string_customized</value>
                      <array name="parent-ancestors" type="record" depth="1">
                        <record javaclass="com.wm.util.Values">
                          <value name="xmlns">http://www.w3.org/2001/XMLSchema</value>
                          <value name="ncName">anySimpleType</value>
                        </record>
                        <record javaclass="com.wm.util.Values">
                          <value name="xmlns">http://www.w3.org/2001/XMLSchema</value>
                          <value name="ncName">anyType</value>
                        </record>
                        <record javaclass="com.wm.util.Values">
                          <value name="xmlns">http://www.w3.org/2001/XMLSchema</value>
                          <value name="ncName">string</value>
                        </record>
                      </array>
                      <record name="baseType" javaclass="com.wm.util.Values">
                        <record name="whiteSpace" javaclass="com.wm.util.Values">
                          <record name="FacetWSCValue" javaclass="com.wm.util.Values">
                            <value name="cDecimalValue">3</value>
                          </record>
                          <value name="facetFixed">false</value>
                        </record>
                        <value name="contentType">1</value>
                        <value name="internalType">instance</value>
                        <value name="ct_class">com.wm.lang.schema.datatypev2.WmString</value>
                        <value name="dataTypeVersion">dtVersion2</value>
                      </record>
                      <value name="dataTypeVersion">dtVersion2</value>
                    </record>
                    <value name="nillable">true</value>
                    <value name="form_qualified">false</value>
                    <value name="is_global">false</value>
                  </record>
                  <record javaclass="com.wm.util.Values">
                    <value name="node_type">record</value>
                    <value name="node_subtype">unknown</value>
                    <value name="node_comment"></value>
                    <record name="node_hints" javaclass="com.wm.util.Values">
                      <value name="field_usereditable">true</value>
                      <value name="field_largerEditor">false</value>
                      <value name="field_password">false</value>
                    </record>
                    <value name="is_public">false</value>
                    <value name="field_name">os</value>
                    <value name="field_type">string</value>
                    <value name="field_dim">0</value>
                    <value name="field_opt">true</value>
                    <array name="field_options" type="value" depth="1">
                    </array>
                    <record name="field_content_type" javaclass="com.wm.util.Values">
                      <record name="minLength" javaclass="com.wm.util.Values">
                        <record name="FMinLenCValue" javaclass="com.wm.util.Values">
                          <value name="cDecimalValue">1</value>
                        </record>
                        <value name="facetFixed">false</value>
                      </record>
                      <record name="maxLength" javaclass="com.wm.util.Values">
                        <record name="FMaxLenCValue" javaclass="com.wm.util.Values">
                          <value name="cDecimalValue">35</value>
                        </record>
                        <value name="facetFixed">false</value>
                      </record>
                      <record name="whiteSpace" javaclass="com.wm.util.Values">
                        <record name="FacetWSCValue" javaclass="com.wm.util.Values">
                          <value name="cDecimalValue">3</value>
                        </record>
                        <value name="facetFixed">false</value>
                      </record>
                      <value name="contentType">1</value>
                      <value name="internalType">instance</value>
                      <value name="ct_class">com.wm.lang.schema.datatypev2.WmString</value>
                      <value name="name">string_customized</value>
                      <array name="parent-ancestors" type="record" depth="1">
                        <record javaclass="com.wm.util.Values">
                          <value name="xmlns">http://www.w3.org/2001/XMLSchema</value>
                          <value name="ncName">anySimpleType</value>
                        </record>
                        <record javaclass="com.wm.util.Values">
                          <value name="xmlns">http://www.w3.org/2001/XMLSchema</value>
                          <value name="ncName">anyType</value>
                        </record>
                        <record javaclass="com.wm.util.Values">
                          <value name="xmlns">http://www.w3.org/2001/XMLSchema</value>
                          <value name="ncName">string</value>
                        </record>
                      </array>
                      <record name="baseType" javaclass="com.wm.util.Values">
                        <record name="whiteSpace" javaclass="com.wm.util.Values">
                          <record name="FacetWSCValue" javaclass="com.wm.util.Values">
                            <value name="cDecimalValue">3</value>
                          </record>
                          <value name="facetFixed">false</value>
                        </record>
                        <value name="contentType">1</value>
                        <value name="internalType">instance</value>
                        <value name="ct_class">com.wm.lang.schema.datatypev2.WmString</value>
                        <value name="dataTypeVersion">dtVersion2</value>
                      </record>
                      <value name="dataTypeVersion">dtVersion2</value>
                    </record>
                    <value name="nillable">true</value>
                    <value name="form_qualified">false</value>
                    <value name="is_global">false</value>
                  </record>
                  <record javaclass="com.wm.util.Values">
                    <value name="node_type">record</value>
                    <value name="node_subtype">unknown</value>
                    <value name="node_comment"></value>
                    <record name="node_hints" javaclass="com.wm.util.Values">
                      <value name="field_usereditable">true</value>
                      <value name="field_largerEditor">false</value>
                      <value name="field_password">false</value>
                    </record>
                    <value name="is_public">false</value>
                    <value name="field_name">app</value>
                    <value name="field_type">string</value>
                    <value name="field_dim">0</value>
                    <value name="field_opt">true</value>
                    <array name="field_options" type="value" depth="1">
                    </array>
                    <record name="field_content_type" javaclass="com.wm.util.Values">
                      <record name="minLength" javaclass="com.wm.util.Values">
                        <record name="FMinLenCValue" javaclass="com.wm.util.Values">
                          <value name="cDecimalValue">1</value>
                        </record>
                        <value name="facetFixed">false</value>
                      </record>
                      <record name="maxLength" javaclass="com.wm.util.Values">
                        <record name="FMaxLenCValue" javaclass="com.wm.util.Values">
                          <value name="cDecimalValue">35</value>
                        </record>
                        <value name="facetFixed">false</value>
                      </record>
                      <record name="whiteSpace" javaclass="com.wm.util.Values">
                        <record name="FacetWSCValue" javaclass="com.wm.util.Values">
                          <value name="cDecimalValue">3</value>
                        </record>
                        <value name="facetFixed">false</value>
                      </record>
                      <value name="contentType">1</value>
                      <value name="internalType">instance</value>
                      <value name="ct_class">com.wm.lang.schema.datatypev2.WmString</value>
                      <value name="name">string_customized</value>
                      <array name="parent-ancestors" type="record" depth="1">
                        <record javaclass="com.wm.util.Values">
                          <value name="xmlns">http://www.w3.org/2001/XMLSchema</value>
                          <value name="ncName">anySimpleType</value>
                        </record>
                        <record javaclass="com.wm.util.Values">
                          <value name="xmlns">http://www.w3.org/2001/XMLSchema</value>
                          <value name="ncName">anyType</value>
                        </record>
                        <record javaclass="com.wm.util.Values">
                          <value name="xmlns">http://www.w3.org/2001/XMLSchema</value>
                          <value name="ncName">string</value>
                        </record>
                      </array>
                      <record name="baseType" javaclass="com.wm.util.Values">
                        <record name="whiteSpace" javaclass="com.wm.util.Values">
                          <record name="FacetWSCValue" javaclass="com.wm.util.Values">
                            <value name="cDecimalValue">3</value>
                          </record>
                          <value name="facetFixed">false</value>
                        </record>
                        <value name="contentType">1</value>
                        <value name="internalType">instance</value>
                        <value name="ct_class">com.wm.lang.schema.datatypev2.WmString</value>
                        <value name="dataTypeVersion">dtVersion2</value>
                      </record>
                      <value name="dataTypeVersion">dtVersion2</value>
                    </record>
                    <value name="nillable">true</value>
                    <value name="form_qualified">false</value>
                    <value name="is_global">false</value>
                  </record>
                  <record javaclass="com.wm.util.Values">
                    <value name="node_type">record</value>
                    <value name="node_subtype">unknown</value>
                    <value name="node_comment"></value>
                    <record name="node_hints" javaclass="com.wm.util.Values">
                      <value name="field_usereditable">true</value>
                      <value name="field_largerEditor">false</value>
                      <value name="field_password">false</value>
                    </record>
                    <value name="is_public">false</value>
                    <value name="field_name">capability</value>
                    <value name="field_type">string</value>
                    <value name="field_dim">0</value>
                    <value name="field_opt">true</value>
                    <array name="field_options" type="value" depth="1">
                    </array>
                    <record name="field_content_type" javaclass="com.wm.util.Values">
                      <record name="minLength" javaclass="com.wm.util.Values">
                        <record name="FMinLenCValue" javaclass="com.wm.util.Values">
                          <value name="cDecimalValue">1</value>
                        </record>
                        <value name="facetFixed">false</value>
                      </record>
                      <record name="maxLength" javaclass="com.wm.util.Values">
                        <record name="FMaxLenCValue" javaclass="com.wm.util.Values">
                          <value name="cDecimalValue">35</value>
                        </record>
                        <value name="facetFixed">false</value>
                      </record>
                      <record name="whiteSpace" javaclass="com.wm.util.Values">
                        <record name="FacetWSCValue" javaclass="com.wm.util.Values">
                          <value name="cDecimalValue">3</value>
                        </record>
                        <value name="facetFixed">false</value>
                      </record>
                      <value name="contentType">1</value>
                      <value name="internalType">instance</value>
                      <value name="ct_class">com.wm.lang.schema.datatypev2.WmString</value>
                      <value name="name">string_customized</value>
                      <array name="parent-ancestors" type="record" depth="1">
                        <record javaclass="com.wm.util.Values">
                          <value name="xmlns">http://www.w3.org/2001/XMLSchema</value>
                          <value name="ncName">anySimpleType</value>
                        </record>
                        <record javaclass="com.wm.util.Values">
                          <value name="xmlns">http://www.w3.org/2001/XMLSchema</value>
                          <value name="ncName">anyType</value>
                        </record>
                        <record javaclass="com.wm.util.Values">
                          <value name="xmlns">http://www.w3.org/2001/XMLSchema</value>
                          <value name="ncName">string</value>
                        </record>
                      </array>
                      <record name="baseType" javaclass="com.wm.util.Values">
                        <record name="whiteSpace" javaclass="com.wm.util.Values">
                          <record name="FacetWSCValue" javaclass="com.wm.util.Values">
                            <value name="cDecimalValue">3</value>
                          </record>
                          <value name="facetFixed">false</value>
                        </record>
                        <value name="contentType">1</value>
                        <value name="internalType">instance</value>
                        <value name="ct_class">com.wm.lang.schema.datatypev2.WmString</value>
                        <value name="dataTypeVersion">dtVersion2</value>
                      </record>
                      <value name="dataTypeVersion">dtVersion2</value>
                    </record>
                    <value name="nillable">true</value>
                    <value name="form_qualified">false</value>
                    <value name="is_global">false</value>
                  </record>
                  <record javaclass="com.wm.util.Values">
                    <value name="node_type">record</value>
                    <value name="node_subtype">unknown</value>
                    <value name="node_comment"></value>
                    <record name="node_hints" javaclass="com.wm.util.Values">
                      <value name="field_usereditable">true</value>
                      <value name="field_largerEditor">false</value>
                      <value name="field_password">false</value>
                    </record>
                    <value name="is_public">false</value>
                    <value name="field_name">hmac</value>
                    <value name="field_type">string</value>
                    <value name="field_dim">0</value>
                    <array name="field_options" type="value" depth="1">
                    </array>
                    <record name="field_content_type" javaclass="com.wm.util.Values">
                      <record name="minLength" javaclass="com.wm.util.Values">
                        <record name="FMinLenCValue" javaclass="com.wm.util.Values">
                          <value name="cDecimalValue">1</value>
                        </record>
                        <value name="facetFixed">false</value>
                      </record>
                      <record name="maxLength" javaclass="com.wm.util.Values">
                        <record name="FMaxLenCValue" javaclass="com.wm.util.Values">
                          <value name="cDecimalValue">35</value>
                        </record>
                        <value name="facetFixed">false</value>
                      </record>
                      <record name="whiteSpace" javaclass="com.wm.util.Values">
                        <record name="FacetWSCValue" javaclass="com.wm.util.Values">
                          <value name="cDecimalValue">3</value>
                        </record>
                        <value name="facetFixed">false</value>
                      </record>
                      <value name="contentType">1</value>
                      <value name="internalType">instance</value>
                      <value name="ct_class">com.wm.lang.schema.datatypev2.WmString</value>
                      <value name="name">string_customized</value>
                      <array name="parent-ancestors" type="record" depth="1">
                        <record javaclass="com.wm.util.Values">
                          <value name="xmlns">http://www.w3.org/2001/XMLSchema</value>
                          <value name="ncName">anySimpleType</value>
                        </record>
                        <record javaclass="com.wm.util.Values">
                          <value name="xmlns">http://www.w3.org/2001/XMLSchema</value>
                          <value name="ncName">anyType</value>
                        </record>
                        <record javaclass="com.wm.util.Values">
                          <value name="xmlns">http://www.w3.org/2001/XMLSchema</value>
                          <value name="ncName">string</value>
                        </record>
                      </array>
                      <record name="baseType" javaclass="com.wm.util.Values">
                        <record name="whiteSpace" javaclass="com.wm.util.Values">
                          <record name="FacetWSCValue" javaclass="com.wm.util.Values">
                            <value name="cDecimalValue">3</value>
                          </record>
                          <value name="facetFixed">false</value>
                        </record>
                        <value name="contentType">1</value>
                        <value name="internalType">instance</value>
                        <value name="ct_class">com.wm.lang.schema.datatypev2.WmString</value>
                        <value name="dataTypeVersion">dtVersion2</value>
                      </record>
                      <value name="dataTypeVersion">dtVersion2</value>
                    </record>
                    <value name="nillable">false</value>
                    <value name="form_qualified">false</value>
                    <value name="is_global">false</value>
                  </record>
                </array>
                <value name="rec_closed">true</value>
                <value name="modifiable">true</value>
              </record>
            </array>
            <value name="rec_closed">true</value>
            <value name="modifiable">true</value>
          </record>
        </array>
        <value name="rec_closed">true</value>
        <value name="modifiable">true</value>
      </record>
    </array>
    <value name="modifiable">true</value>
  </record>
</Values>
</MAPSOURCE>

  <!-- nodes -->

<MAPCOPY FROM="/data;2;0/reqGetApiToken;2;0/merchantId;1;0" TO="/requestGetApiTokenXml;4;0;MerchantUPI.docs:requestGetApiTokenXml/schema:ReqGetApiToken;2;0/schema:head;2;0/@mrchOrgId;1;0">
</MAPCOPY>

<MAPCOPY FROM="/data;2;0/reqGetApiToken;2;0/aggregatorId;1;0" TO="/requestGetApiTokenXml;4;0;MerchantUPI.docs:requestGetApiTokenXml/schema:ReqGetApiToken;2;0/schema:head;2;0/@aggrOrgId;1;0">
</MAPCOPY>

<MAPCOPY FROM="/data;2;0/reqGetApiToken;2;0/refId;1;0" TO="/requestGetApiTokenXml;4;0;MerchantUPI.docs:requestGetApiTokenXml/schema:ReqGetApiToken;2;0/schema:txn;2;0/@refId;1;0">
</MAPCOPY>

<MAPSET NAME="Setter" OVERWRITE="true" VARIABLES="false" GLOBALVARIABLES="false" FIELD="/requestGetApiTokenXml;4;0;MerchantUPI.docs:requestGetApiTokenXml/schema:ReqGetApiToken;2;0/schema:head;2;0/@ver;1;0">
  <DATA ENCODING="XMLValues" I18N="true">

<Values version="2.0">
  <value name="xml">1.0</value>
  <record name="type" javaclass="com.wm.util.Values">
    <value name="node_type">field</value>
    <value name="node_subtype">unknown</value>
    <value name="is_public">false</value>
    <value name="field_name">@ver</value>
    <value name="field_type">string</value>
    <value name="field_dim">0</value>
    <record name="field_content_type" javaclass="com.wm.util.Values">
      <value name="contentType">1</value>
      <value name="internalType">reference</value>
      <value name="dataTypeVersion">dtVersion2</value>
      <array name="targetNames" type="record" depth="1">
        <record javaclass="com.wm.util.Values">
          <value name="xmlns">http://www.w3.org/2001/XMLSchema</value>
          <value name="ncName">decimal</value>
        </record>
      </array>
    </record>
    <value name="nillable">true</value>
    <value name="form_qualified">false</value>
    <value name="is_global">false</value>
  </record>
</Values>
</DATA>
</MAPSET>

<MAPSET NAME="Setter" OVERWRITE="true" VARIABLES="false" GLOBALVARIABLES="false" FIELD="/requestGetApiTokenXml;4;0;MerchantUPI.docs:requestGetApiTokenXml/schema:ReqGetApiToken;2;0/schema:txn;2;0/@note;1;0">
  <DATA ENCODING="XMLValues" I18N="true">

<Values version="2.0">
  <value name="xml">"GetApiToken"</value>
  <record name="type" javaclass="com.wm.util.Values">
    <value name="node_type">field</value>
    <value name="node_subtype">unknown</value>
    <value name="is_public">false</value>
    <value name="field_name">@note</value>
    <value name="field_type">string</value>
    <value name="field_dim">0</value>
    <record name="field_content_type" javaclass="com.wm.util.Values">
      <value name="contentType">1</value>
      <value name="internalType">reference</value>
      <value name="dataTypeVersion">dtVersion2</value>
      <array name="targetNames" type="record" depth="1">
        <record javaclass="com.wm.util.Values">
          <value name="xmlns">http://www.w3.org/2001/XMLSchema</value>
          <value name="ncName">string</value>
        </record>
      </array>
    </record>
    <value name="nillable">true</value>
    <value name="form_qualified">false</value>
    <value name="is_global">false</value>
  </record>
</Values>
</DATA>
</MAPSET>

<MAPCOPY FROM="/data;2;0/reqGetApiToken;2;0/deviceInfo;2;0/mobile;1;0" TO="/requestGetApiTokenXml;4;0;MerchantUPI.docs:requestGetApiTokenXml/schema:ReqGetApiToken;2;0/schema:device;2;0/schema:mobile;1;0">
</MAPCOPY>

<MAPCOPY FROM="/data;2;0/reqGetApiToken;2;0/deviceInfo;2;0/geocode;1;0" TO="/requestGetApiTokenXml;4;0;MerchantUPI.docs:requestGetApiTokenXml/schema:ReqGetApiToken;2;0/schema:device;2;0/schema:geocode;1;0">
</MAPCOPY>

<MAPCOPY FROM="/data;2;0/reqGetApiToken;2;0/deviceInfo;2;0/location;1;0" TO="/requestGetApiTokenXml;4;0;MerchantUPI.docs:requestGetApiTokenXml/schema:ReqGetApiToken;2;0/schema:device;2;0/schema:location;1;0">
</MAPCOPY>
</MAP>

<INVOKE TIMEOUT="" SERVICE="pub.xml:documentToXMLString" VALIDATE-IN="$none" VALIDATE-OUT="$none">
  <COMMENT></COMMENT>

  <!-- nodes -->

<MAP MODE="INPUT">
  <MAPTARGET>

<Values version="2.0">
  <record name="xml" javaclass="com.wm.util.Values">
    <value name="node_type">record</value>
    <value name="node_subtype">unknown</value>
    <value name="is_public">false</value>
    <value name="field_name">documentToXMLStringInput</value>
    <value name="field_type">record</value>
    <value name="field_dim">0</value>
    <value name="nillable">true</value>
    <value name="form_qualified">false</value>
    <value name="is_global">false</value>
    <array name="rec_fields" type="record" depth="1">
      <record javaclass="com.wm.util.Values">
        <value name="node_type">field</value>
        <value name="node_subtype">unknown</value>
        <value name="is_public">false</value>
        <value name="field_name">attrPrefix</value>
        <value name="field_type">string</value>
        <value name="field_dim">0</value>
        <value name="field_opt">true</value>
        <value name="nillable">true</value>
        <value name="form_qualified">false</value>
        <value name="is_global">false</value>
      </record>
      <record javaclass="com.wm.util.Values">
        <value name="node_type">record</value>
        <value name="node_subtype">unknown</value>
        <value name="is_public">false</value>
        <value name="field_name">document</value>
        <value name="field_type">record</value>
        <value name="field_dim">0</value>
        <value name="nillable">true</value>
        <value name="form_qualified">false</value>
        <value name="is_global">false</value>
        <array name="rec_fields" type="record" depth="1">
        </array>
        <value name="modifiable">true</value>
      </record>
      <record javaclass="com.wm.util.Values">
        <value name="node_type">record</value>
        <value name="node_subtype">unknown</value>
        <value name="is_public">false</value>
        <value name="field_name">nsDecls</value>
        <value name="field_type">record</value>
        <value name="field_dim">0</value>
        <value name="field_opt">true</value>
        <value name="nillable">true</value>
        <value name="form_qualified">false</value>
        <value name="is_global">false</value>
        <array name="rec_fields" type="record" depth="1">
        </array>
        <value name="modifiable">true</value>
      </record>
      <record javaclass="com.wm.util.Values">
        <value name="node_type">field</value>
        <value name="node_subtype">unknown</value>
        <value name="is_public">false</value>
        <value name="field_name">addHeader</value>
        <value name="field_type">string</value>
        <value name="field_dim">0</value>
        <value name="field_opt">true</value>
        <array name="field_options" type="value" depth="1">
          <value>true</value>
          <value>false</value>
        </array>
        <value name="nillable">true</value>
        <value name="form_qualified">false</value>
        <value name="is_global">false</value>
      </record>
      <record javaclass="com.wm.util.Values">
        <value name="node_type">field</value>
        <value name="node_subtype">unknown</value>
        <value name="is_public">false</value>
        <value name="field_name">encode</value>
        <value name="field_type">string</value>
        <value name="field_dim">0</value>
        <value name="field_opt">true</value>
        <array name="field_options" type="value" depth="1">
          <value>true</value>
          <value>false</value>
        </array>
        <value name="nillable">true</value>
        <value name="form_qualified">false</value>
        <value name="is_global">false</value>
      </record>
      <record javaclass="com.wm.util.Values">
        <value name="node_type">field</value>
        <value name="node_subtype">unknown</value>
        <value name="is_public">false</value>
        <value name="field_name">preserveRefs</value>
        <value name="field_type">string</value>
        <value name="field_dim">0</value>
        <value name="field_opt">true</value>
        <array name="field_options" type="value" depth="1">
          <value>true</value>
          <value>false</value>
        </array>
        <value name="nillable">true</value>
        <value name="form_qualified">false</value>
        <value name="is_global">false</value>
      </record>
      <record javaclass="com.wm.util.Values">
        <value name="node_type">field</value>
        <value name="node_subtype">unknown</value>
        <value name="is_public">false</value>
        <value name="field_name">documentTypeName</value>
        <value name="field_type">string</value>
        <value name="field_dim">0</value>
        <value name="field_opt">true</value>
        <value name="nillable">true</value>
        <value name="form_qualified">false</value>
        <value name="is_global">false</value>
      </record>
      <record javaclass="com.wm.util.Values">
        <value name="node_type">field</value>
        <value name="node_subtype">unknown</value>
        <value name="is_public">false</value>
        <value name="field_name">generateRequiredTags</value>
        <value name="field_type">string</value>
        <value name="field_dim">0</value>
        <value name="field_opt">true</value>
        <array name="field_options" type="value" depth="1">
          <value>false</value>
          <value>true</value>
        </array>
        <value name="nillable">true</value>
        <value name="form_qualified">false</value>
        <value name="is_global">false</value>
      </record>
      <record javaclass="com.wm.util.Values">
        <value name="node_type">field</value>
        <value name="node_subtype">unknown</value>
        <value name="is_public">false</value>
        <value name="field_name">generateNilTags</value>
        <value name="field_type">string</value>
        <value name="field_dim">0</value>
        <value name="field_opt">true</value>
        <array name="field_options" type="value" depth="1">
          <value>false</value>
          <value>true</value>
        </array>
        <value name="nillable">true</value>
        <value name="form_qualified">false</value>
        <value name="is_global">false</value>
      </record>
      <record javaclass="com.wm.util.Values">
        <value name="node_type">field</value>
        <value name="node_subtype">unknown</value>
        <value name="is_public">false</value>
        <value name="field_name">enforceLegalXML</value>
        <value name="field_type">string</value>
        <value name="field_dim">0</value>
        <value name="field_opt">true</value>
        <array name="field_options" type="value" depth="1">
          <value>true</value>
          <value>false</value>
        </array>
        <value name="nillable">true</value>
        <value name="form_qualified">false</value>
        <value name="is_global">false</value>
      </record>
      <record javaclass="com.wm.util.Values">
        <value name="node_type">record</value>
        <value name="node_subtype">unknown</value>
        <value name="is_public">false</value>
        <value name="field_name">dtdHeaderInfo</value>
        <value name="field_type">record</value>
        <value name="field_dim">0</value>
        <value name="field_opt">true</value>
        <value name="nillable">true</value>
        <value name="form_qualified">false</value>
        <value name="is_global">false</value>
        <array name="rec_fields" type="record" depth="1">
        </array>
        <value name="modifiable">true</value>
      </record>
      <record javaclass="com.wm.util.Values">
        <value name="node_type">field</value>
        <value name="node_subtype">unknown</value>
        <value name="is_public">false</value>
        <value name="field_name">bufferSize</value>
        <value name="field_type">string</value>
        <value name="field_dim">0</value>
        <value name="field_opt">true</value>
        <value name="nillable">true</value>
        <value name="form_qualified">false</value>
        <value name="is_global">false</value>
      </record>
    </array>
    <value name="modifiable">true</value>
  </record>
</Values>
</MAPTARGET>
  <MAPSOURCE>

<Values version="2.0">
  <record name="xml" javaclass="com.wm.util.Values">
    <value name="node_type">record</value>
    <value name="node_subtype">unknown</value>
    <value name="is_public">false</value>
    <value name="field_type">record</value>
    <value name="field_dim">0</value>
    <value name="nillable">true</value>
    <value name="form_qualified">false</value>
    <value name="is_global">false</value>
    <array name="rec_fields" type="record" depth="1">
      <record javaclass="com.wm.util.Values">
        <value name="node_type">record</value>
        <value name="node_subtype">unknown</value>
        <value name="node_comment"></value>
        <record name="node_hints" javaclass="com.wm.util.Values">
          <value name="field_largerEditor">false</value>
          <value name="field_password">false</value>
        </record>
        <value name="is_public">false</value>
        <value name="field_name">data</value>
        <value name="field_type">record</value>
        <value name="field_dim">0</value>
        <value name="field_opt">true</value>
        <value name="wrapper_type">IData</value>
        <value name="nillable">true</value>
        <value name="form_qualified">false</value>
        <value name="is_global">false</value>
        <array name="rec_fields" type="record" depth="1">
        </array>
        <value name="rec_closed">true</value>
        <value name="modifiable">true</value>
      </record>
      <record javaclass="com.wm.util.Values">
        <value name="node_type">record</value>
        <value name="node_subtype">unknown</value>
        <value name="is_public">false</value>
        <value name="field_name">requestGetApiTokenXml</value>
        <value name="field_type">recref</value>
        <value name="field_dim">0</value>
        <value name="nillable">true</value>
        <value name="form_qualified">false</value>
        <value name="is_global">false</value>
        <value name="modifiable">true</value>
        <value name="rec_ref">MerchantUPI.docs:requestGetApiTokenXml</value>
      </record>
    </array>
    <value name="modifiable">true</value>
  </record>
</Values>
</MAPSOURCE>

  <!-- nodes -->

<MAPCOPY FROM="/requestGetApiTokenXml;4;0;MerchantUPI.docs:requestGetApiTokenXml" TO="/document;2;0">
</MAPCOPY>

<MAPSET NAME="Setter" OVERWRITE="true" VARIABLES="false" GLOBALVARIABLES="false" FIELD="/documentTypeName;1;0">
  <DATA ENCODING="XMLValues" I18N="true">

<Values version="2.0">
  <value name="xml">MerchantUPI.docs:requestGetApiTokenXml</value>
  <record name="type" javaclass="com.wm.util.Values">
    <value name="node_type">field</value>
    <value name="node_subtype">unknown</value>
    <value name="is_public">false</value>
    <value name="field_name">documentTypeName</value>
    <value name="field_type">string</value>
    <value name="field_dim">0</value>
    <value name="field_opt">true</value>
    <value name="nillable">true</value>
    <value name="form_qualified">false</value>
    <value name="is_global">false</value>
  </record>
</Values>
</DATA>
</MAPSET>

<MAPSET NAME="Setter" OVERWRITE="true" VARIABLES="false" GLOBALVARIABLES="false" FIELD="/enforceLegalXML;1;0">
  <DATA ENCODING="XMLValues" I18N="true">

<Values version="2.0">
  <value name="xml">true</value>
  <record name="type" javaclass="com.wm.util.Values">
    <value name="node_type">field</value>
    <value name="node_subtype">unknown</value>
    <value name="is_public">false</value>
    <value name="field_name">enforceLegalXML</value>
    <value name="field_type">string</value>
    <value name="field_dim">0</value>
    <value name="field_opt">true</value>
    <array name="field_options" type="value" depth="1">
      <value>true</value>
      <value>false</value>
    </array>
    <value name="nillable">true</value>
    <value name="form_qualified">false</value>
    <value name="is_global">false</value>
  </record>
</Values>
</DATA>
</MAPSET>

<MAPSET NAME="Setter" OVERWRITE="true" VARIABLES="false" GLOBALVARIABLES="false" FIELD="/generateNilTags;1;0">
  <DATA ENCODING="XMLValues" I18N="true">

<Values version="2.0">
  <value name="xml">true</value>
  <record name="type" javaclass="com.wm.util.Values">
    <value name="node_type">field</value>
    <value name="node_subtype">unknown</value>
    <value name="is_public">false</value>
    <value name="field_name">generateNilTags</value>
    <value name="field_type">string</value>
    <value name="field_dim">0</value>
    <value name="field_opt">true</value>
    <array name="field_options" type="value" depth="1">
      <value>false</value>
      <value>true</value>
    </array>
    <value name="nillable">true</value>
    <value name="form_qualified">false</value>
    <value name="is_global">false</value>
  </record>
</Values>
</DATA>
</MAPSET>

<MAPSET NAME="Setter" OVERWRITE="true" VARIABLES="false" GLOBALVARIABLES="false" FIELD="/generateRequiredTags;1;0">
  <DATA ENCODING="XMLValues" I18N="true">

<Values version="2.0">
  <value name="xml">true</value>
  <record name="type" javaclass="com.wm.util.Values">
    <value name="node_type">field</value>
    <value name="node_subtype">unknown</value>
    <value name="is_public">false</value>
    <value name="field_name">generateRequiredTags</value>
    <value name="field_type">string</value>
    <value name="field_dim">0</value>
    <value name="field_opt">true</value>
    <array name="field_options" type="value" depth="1">
      <value>false</value>
      <value>true</value>
    </array>
    <value name="nillable">true</value>
    <value name="form_qualified">false</value>
    <value name="is_global">false</value>
  </record>
</Values>
</DATA>
</MAPSET>

<MAPSET NAME="Setter" OVERWRITE="true" VARIABLES="false" GLOBALVARIABLES="false" FIELD="/encode;1;0">
  <DATA ENCODING="XMLValues" I18N="true">

<Values version="2.0">
  <value name="xml">true</value>
  <record name="type" javaclass="com.wm.util.Values">
    <value name="node_type">field</value>
    <value name="node_subtype">unknown</value>
    <value name="is_public">false</value>
    <value name="field_name">encode</value>
    <value name="field_type">string</value>
    <value name="field_dim">0</value>
    <value name="field_opt">true</value>
    <array name="field_options" type="value" depth="1">
      <value>true</value>
      <value>false</value>
    </array>
    <value name="nillable">true</value>
    <value name="form_qualified">false</value>
    <value name="is_global">false</value>
  </record>
</Values>
</DATA>
</MAPSET>
</MAP>
</INVOKE>
</FLOW>
