<FIXML xsi:schemaLocation="http://www.finacle.com/fixml XferTrnAdd.xsd" xmlns="http://www.finacle.com/fixml" xmlns:xsi="http://www.w3.org/2001/XMLSchema-instance">
   <Header>
      <ResponseHeader>
         <RequestMessageKey>
            <RequestUUID>Req_1395928570129</RequestUUID>
            <ServiceRequestId>XferTrnAdd</ServiceRequestId>
            <ServiceRequestVersion>10.2</ServiceRequestVersion>
            <ChannelId>COR</ChannelId>
         </RequestMessageKey>
         <ResponseMessageInfo>
            <BankId>01</BankId>
            <TimeZone>GMT+05:30</TimeZone>
            <MessageDateTime>2021-05-24T19:51:51.828</MessageDateTime>
         </ResponseMessageInfo>
         <UBUSTransaction>
            <Id/>
            <Status/>
         </UBUSTransaction>
         <HostTransaction>
            <Id/>
            <Status>SUCCESS</Status>
         </HostTransaction>
         <HostParentTransaction>
            <Id/>
            <Status/>
         </HostParentTransaction>
         <CustomInfo/>
      </ResponseHeader>
   </Header>
   <Body>
      <XferTrnAddResponse>
         <XferTrnAddRs>
            <TrnIdentifier>
               <TrnDt>2021-05-24T00:00:00.000</TrnDt>
               <TrnId>M22</TrnId>
            </TrnIdentifier>
         </XferTrnAddRs>
         <XferTrnAdd_CustomData/>
      </XferTrnAddResponse>
   </Body>
</FIXML>