<?xml version="1.0" encoding="UTF-8"?>
<FIXML xmlns="http://www.finacle.com/fixml" xmlns:xsi="http://www.w3.org/XMLSchema-instance" xsi:schemaLocation="http://www.finacle.com/fixml XferTrnAdd.xsd">
   <Header>
      <RequestHeader>
         <MessageKey>
            <RequestUUID>Req_1395928570129</RequestUUID>
            <ServiceRequestId>XferTrnAdd</ServiceRequestId>
            <ServiceRequestVersion>10.2</ServiceRequestVersion>
            <ChannelId>COR</ChannelId>
            <LanguageId />
         </MessageKey>
         <RequestMessageInfo>
            <BankId>01</BankId>
            <TimeZone />
            <EntityId />
            <EntityType />
            <ArmCorrelationId />
            <MessageDateTime>2020-07-04T01:03:29.125</MessageDateTime>
         </RequestMessageInfo>
         <Security>
            <Token>
               <PasswordToken>
                  <UserId />
                  <Password />
               </PasswordToken>
            </Token>
            <FICertToken />
            <RealUserLoginSessionId />
            <RealUser />
            <RealUserPwd />
            <SSOTransferToken />
         </Security>
      </RequestHeader>
   </Header>
   <Body>
      <XferTrnAddRequest>
         <XferTrnAddRq>
            <XferTrnHdr>
               <TrnType>T</TrnType>
               <TrnSubType>CI</TrnSubType>
            </XferTrnHdr>
            <XferTrnDetail>
               <PartTrnRec>
                  <AcctId>
                     <AcctId>0183104000262804</AcctId>
                  </AcctId>
                  <CreditDebitFlg>D</CreditDebitFlg>
                  <TrnAmt>
                     <amountValue>10</amountValue>
                     <currencyCode>INR</currencyCode>
                  </TrnAmt>
                  <TrnParticulars>Tran Particular</TrnParticulars>
                  <PartTrnRmks>Remarks</PartTrnRmks>
                  <ValueDt>2020-07-04T00:00:00.000</ValueDt>
               </PartTrnRec>
               <PartTrnRec>
                  <AcctId>
                     <AcctId>183104000075396</AcctId>
                  </AcctId>
                  <CreditDebitFlg>C</CreditDebitFlg>
                  <TrnAmt>
                     <amountValue>10</amountValue>
                     <currencyCode>INR</currencyCode>
                  </TrnAmt>
                  <TrnParticulars>Tran Particular</TrnParticulars>
                  <PartTrnRmks>Remarks</PartTrnRmks>
                  <ValueDt>2020-07-04T00:00:00.000</ValueDt>
               </PartTrnRec>
               <Remarks />
            </XferTrnDetail>
         </XferTrnAddRq>
      </XferTrnAddRequest>
   </Body>
</FIXML>
