{
    "reqInfo": {
        "transactionId": "1234765243",
        "sourceSystem": "abc",
        "action": "",
        "timestamp": "03-08-2021 12:40:00.032"
    },
    "input": {
        "trnHdr": {
            "trnType": "String",
            "trnSubType": "String",
            "userTrnCode": "String"
        },
        "trnDetails": {
            "partTrnsRec": [
                {
                    "acctDtls": {
                        "acctInfo": {
                            "acctId": "String",
                            "schmCode": "String",
                            "schmType": "String",
                            "acctCurr": "String"
                        },
                        "creditDebitFlg": "String",
                        "amountValue": "String",
                        "currencyCode": "String",
                        "trnParticulars": "String",
                        "partTrnRmks": "String",
                        "valueDt": "String",
                        "rate": "String",
                        "rateCode": "String",
                        "userPartTrnCode": "String",
                        "serialNum": "String"
                    }
                }
            ],
            "remarks": "String"
        },
        "kCCEventType": "String"
    }
}